----- 000.pbm -----

P1
106 17
0000000000011111111110000000000011111111110000000000011111111111000000000011111111111000000000011111111111
0000000000011111111110000000000011111111110000000000011111111111000000000011111111111000000000011111111111
0000000000011111111110000000000011111111110000000000011111111111000000000011111111111000000000011111111111
0000000000011111111110000000000011111111110000000000011111111111000000000011111111111000000000011111111111
0000000000011111111110000000000011111111110000000000011111111111000000000011111111111000000000011111111111
0000000000011111111110000000000011111111110000000000011111111111000000000011111111111000000000011111111111
0000000000011111111110000000000011111111110000000000011111111111000000000011111111111000000000011111111111
0000000000011111111110000000000011111111110000000000011111111111000000000011111111111000000000011111111111
0000000000000000000000000000000000000000000000000000000000000000000000000000000000000000000000000000000000
1111111110000000001111111110000000011111111100000000011111111100000000011111111100000000111111111000000001
1111111110000000001111111110000000011111111100000000011111111100000000011111111100000000111111111000000000
1111111110000000001111111110000000011111111100000000011111111100000000011111111100000000111111111000000000
1111111110000000001111111110000000011111111100000000011111111100000000011111111100000000111111111000000000
1111111110000000001111111110000000011111111100000000011111111100000000011111111100000000111111111000000000
1111111110000000001111111110000000011111111100000000011111111100000000011111111100000000111111111000000000
1111111110000000001111111110000000011111111100000000011111111100000000011111111100000000111111111000000000
1111111110000000001111111110000000011111111100000000011111111100000000011111111100000000111111111000000000
----- 001.pbm -----
P1
106 17
0000000000011111111110000000000011111111110000000000011111111111000000000011111111111000000000011111111111
0000000000011111111110000000000011111111110000000000011111111111000000000011111111111000000000011111111111
0000000000011111111110000000000011111111110000000000011111111111000000000011111111111000000000011111111111
0000000000011111111110000000000011111111110000000000011111111111000000000011111111111000000000011111111111
0000000000011111111110000000000011111111110000000000011111111111000000000011111111111000000000011111111111
0000000000011111111110000000000011111111110000000000011111111111000000000011111111111000000000011111111111
0000000000011111111110000000000011111111110000000000011111111111000000000011111111111000000000011111111111
0000000000011111111110000000000011111111110000000000011111111111000000000011111111111000000000011111111111
0000000000000000000000000000000000000000000000000000000000000000000000000000000000000000000000000000000000
1111111110000000001111111110000000011111111100000000011111111100000000011111111100000000111111111000000000
1111111110000000001111111110000000011111111100000000011111111100000000011111111100000000111111111000000000
1111111110000000001111111110000000011111111100000000011111111100000000011111111100000000111111111000000000
1111111110000000001111111110000000011111111100000000011111111100000000011111111100000000111111111000000000
1111111110000000001111111110000000011111111100000000011111111100000000011111111100000000111111111000000000
1111111110000000001111111110000000011111111100000000011111111100000000011111111100000000111111111000000000
1111111110000000001111111110000000011111111100000000011111111100000000011111111100000000111111111000000000
1111111110000000001111111110000000011111111100000000011111111100000000011111111100000000111111111000000001
----- 002.pbm -----
P1
106 17
0000000000011111111110000000000011111111110000000000011111111111000000000011111111111000000000011111111111
0000000000011111111110000000000011111111110000000000011111111111000000000011111111111000000000011111111111
0000000000011111111110000000000011111111110000000000011111111111000000000011111111111000000000011111111111
0000000000011111111110000000000011111111110000000000011111111111000000000011111111111000000000011111111111
0000000000011111111110000000000011111111110000000000011111111111000000000011111111111000000000011111111111
0000000000011111111110000000000011111111110000000000011111111111000000000011111111111000000000011111111111
0000000000011111111110000000000011111111110000000000011111111111000000000011111111111000000000011111111111
0000000000011111111110000000000011111111110000000000011111111111000000000011111111111000000000011111111111
0000000000000000000000000000000000000000000000000000000000000000000000000000000000000000000000000000000000
1111111110000000001111111110000000011111111100000000011111111100000000011111111100000000111111111000000000
1111111110000000001111111110000000011111111100000000011111111100000000011111111100000000111111111000000000
1111111110000000001111111110000000011111111100000000011111111100000000011111111100000000111111111000000000
1111111110000000001111111110000000011111111100000000011111111100000000011111111100000000111111111000000000
1111111110000000001111111110000000011111111100000000011111111100000000011111111100000000111111111000000000
1111111110000000001111111110000000011111111100000000011111111100000000011111111100000000111111111000000000
1111111110000000001111111110000000011111111100000000011111111100000000011111111100000000111111111000000001
1111111110000000001111111110000000011111111100000000011111111100000000011111111100000000111111111000000000
----- 003.pbm -----
P1
106 17
0000000000011111111110000000000011111111110000000000011111111111000000000011111111111000000000011111111111
0000000000011111111110000000000011111111110000000000011111111111000000000011111111111000000000011111111111
0000000000011111111110000000000011111111110000000000011111111111000000000011111111111000000000011111111111
0000000000011111111110000000000011111111110000000000011111111111000000000011111111111000000000011111111111
0000000000011111111110000000000011111111110000000000011111111111000000000011111111111000000000011111111111
0000000000011111111110000000000011111111110000000000011111111111000000000011111111111000000000011111111111
0000000000011111111110000000000011111111110000000000011111111111000000000011111111111000000000011111111111
0000000000011111111110000000000011111111110000000000011111111111000000000011111111111000000000011111111111
0000000000000000000000000000000000000000000000000000000000000000000000000000000000000000000000000000000000
1111111110000000001111111110000000011111111100000000011111111100000000011111111100000000111111111000000000
1111111110000000001111111110000000011111111100000000011111111100000000011111111100000000111111111000000000
1111111110000000001111111110000000011111111100000000011111111100000000011111111100000000111111111000000000
1111111110000000001111111110000000011111111100000000011111111100000000011111111100000000111111111000000000
1111111110000000001111111110000000011111111100000000011111111100000000011111111100000000111111111000000000
1111111110000000001111111110000000011111111100000000011111111100000000011111111100000000111111111000000000
1111111110000000001111111110000000011111111100000000011111111100000000011111111100000000111111111000000001
1111111110000000001111111110000000011111111100000000011111111100000000011111111100000000111111111000000001
----- 004.pbm -----
P1
106 17
0000000000011111111110000000000011111111110000000000011111111111000000000011111111111000000000011111111111
0000000000011111111110000000000011111111110000000000011111111111000000000011111111111000000000011111111111
0000000000011111111110000000000011111111110000000000011111111111000000000011111111111000000000011111111111
0000000000011111111110000000000011111111110000000000011111111111000000000011111111111000000000011111111111
0000000000011111111110000000000011111111110000000000011111111111000000000011111111111000000000011111111111
0000000000011111111110000000000011111111110000000000011111111111000000000011111111111000000000011111111111
0000000000011111111110000000000011111111110000000000011111111111000000000011111111111000000000011111111111
0000000000011111111110000000000011111111110000000000011111111111000000000011111111111000000000011111111111
0000000000000000000000000000000000000000000000000000000000000000000000000000000000000000000000000000000000
1111111110000000001111111110000000011111111100000000011111111100000000011111111100000000111111111000000000
1111111110000000001111111110000000011111111100000000011111111100000000011111111100000000111111111000000000
1111111110000000001111111110000000011111111100000000011111111100000000011111111100000000111111111000000000
1111111110000000001111111110000000011111111100000000011111111100000000011111111100000000111111111000000000
1111111110000000001111111110000000011111111100000000011111111100000000011111111100000000111111111000000000
1111111110000000001111111110000000011111111100000000011111111100000000011111111100000000111111111000000001
1111111110000000001111111110000000011111111100000000011111111100000000011111111100000000111111111000000000
1111111110000000001111111110000000011111111100000000011111111100000000011111111100000000111111111000000000
----- 005.pbm -----
P1
106 17
0000000000011111111110000000000011111111110000000000011111111111000000000011111111111000000000011111111111
0000000000011111111110000000000011111111110000000000011111111111000000000011111111111000000000011111111111
0000000000011111111110000000000011111111110000000000011111111111000000000011111111111000000000011111111111
0000000000011111111110000000000011111111110000000000011111111111000000000011111111111000000000011111111111
0000000000011111111110000000000011111111110000000000011111111111000000000011111111111000000000011111111111
0000000000011111111110000000000011111111110000000000011111111111000000000011111111111000000000011111111111
0000000000011111111110000000000011111111110000000000011111111111000000000011111111111000000000011111111111
0000000000011111111110000000000011111111110000000000011111111111000000000011111111111000000000011111111111
0000000000000000000000000000000000000000000000000000000000000000000000000000000000000000000000000000000000
1111111110000000001111111110000000011111111100000000011111111100000000011111111100000000111111111000000000
1111111110000000001111111110000000011111111100000000011111111100000000011111111100000000111111111000000000
1111111110000000001111111110000000011111111100000000011111111100000000011111111100000000111111111000000000
1111111110000000001111111110000000011111111100000000011111111100000000011111111100000000111111111000000000
1111111110000000001111111110000000011111111100000000011111111100000000011111111100000000111111111000000000
1111111110000000001111111110000000011111111100000000011111111100000000011111111100000000111111111000000001
1111111110000000001111111110000000011111111100000000011111111100000000011111111100000000111111111000000000
1111111110000000001111111110000000011111111100000000011111111100000000011111111100000000111111111000000001
----- 006.pbm -----
P1
106 17
0000000000011111111110000000000011111111110000000000011111111111000000000011111111111000000000011111111111
0000000000011111111110000000000011111111110000000000011111111111000000000011111111111000000000011111111111
0000000000011111111110000000000011111111110000000000011111111111000000000011111111111000000000011111111111
0000000000011111111110000000000011111111110000000000011111111111000000000011111111111000000000011111111111
0000000000011111111110000000000011111111110000000000011111111111000000000011111111111000000000011111111111
0000000000011111111110000000000011111111110000000000011111111111000000000011111111111000000000011111111111
0000000000011111111110000000000011111111110000000000011111111111000000000011111111111000000000011111111111
0000000000011111111110000000000011111111110000000000011111111111000000000011111111111000000000011111111111
0000000000000000000000000000000000000000000000000000000000000000000000000000000000000000000000000000000000
1111111110000000001111111110000000011111111100000000011111111100000000011111111100000000111111111000000000
1111111110000000001111111110000000011111111100000000011111111100000000011111111100000000111111111000000000
1111111110000000001111111110000000011111111100000000011111111100000000011111111100000000111111111000000000
1111111110000000001111111110000000011111111100000000011111111100000000011111111100000000111111111000000000
1111111110000000001111111110000000011111111100000000011111111100000000011111111100000000111111111000000000
1111111110000000001111111110000000011111111100000000011111111100000000011111111100000000111111111000000001
1111111110000000001111111110000000011111111100000000011111111100000000011111111100000000111111111000000001
1111111110000000001111111110000000011111111100000000011111111100000000011111111100000000111111111000000000
----- 007.pbm -----
P1
106 17
0000000000011111111110000000000011111111110000000000011111111111000000000011111111111000000000011111111111
0000000000011111111110000000000011111111110000000000011111111111000000000011111111111000000000011111111111
0000000000011111111110000000000011111111110000000000011111111111000000000011111111111000000000011111111111
0000000000011111111110000000000011111111110000000000011111111111000000000011111111111000000000011111111111
0000000000011111111110000000000011111111110000000000011111111111000000000011111111111000000000011111111111
0000000000011111111110000000000011111111110000000000011111111111000000000011111111111000000000011111111111
0000000000011111111110000000000011111111110000000000011111111111000000000011111111111000000000011111111111
0000000000011111111110000000000011111111110000000000011111111111000000000011111111111000000000011111111111
0000000000000000000000000000000000000000000000000000000000000000000000000000000000000000000000000000000000
1111111110000000001111111110000000011111111100000000011111111100000000011111111100000000111111111000000000
1111111110000000001111111110000000011111111100000000011111111100000000011111111100000000111111111000000000
1111111110000000001111111110000000011111111100000000011111111100000000011111111100000000111111111000000000
1111111110000000001111111110000000011111111100000000011111111100000000011111111100000000111111111000000000
1111111110000000001111111110000000011111111100000000011111111100000000011111111100000000111111111000000000
1111111110000000001111111110000000011111111100000000011111111100000000011111111100000000111111111000000001
1111111110000000001111111110000000011111111100000000011111111100000000011111111100000000111111111000000001
1111111110000000001111111110000000011111111100000000011111111100000000011111111100000000111111111000000001
----- 008.pbm -----
P1
106 17
0000000000011111111110000000000011111111110000000000011111111111000000000011111111111000000000011111111111
0000000000011111111110000000000011111111110000000000011111111111000000000011111111111000000000011111111111
0000000000011111111110000000000011111111110000000000011111111111000000000011111111111000000000011111111111
0000000000011111111110000000000011111111110000000000011111111111000000000011111111111000000000011111111111
0000000000011111111110000000000011111111110000000000011111111111000000000011111111111000000000011111111111
0000000000011111111110000000000011111111110000000000011111111111000000000011111111111000000000011111111111
0000000000011111111110000000000011111111110000000000011111111111000000000011111111111000000000011111111111
0000000000011111111110000000000011111111110000000000011111111111000000000011111111111000000000011111111111
0000000000000000000000000000000000000000000000000000000000000000000000000000000000000000000000000000000000
1111111110000000001111111110000000011111111100000000011111111100000000011111111100000000111111111000000000
1111111110000000001111111110000000011111111100000000011111111100000000011111111100000000111111111000000000
1111111110000000001111111110000000011111111100000000011111111100000000011111111100000000111111111000000000
1111111110000000001111111110000000011111111100000000011111111100000000011111111100000000111111111000000000
1111111110000000001111111110000000011111111100000000011111111100000000011111111100000000111111111000000001
1111111110000000001111111110000000011111111100000000011111111100000000011111111100000000111111111000000000
1111111110000000001111111110000000011111111100000000011111111100000000011111111100000000111111111000000000
1111111110000000001111111110000000011111111100000000011111111100000000011111111100000000111111111000000000
----- 009.pbm -----
P1
106 17
0000000000011111111110000000000011111111110000000000011111111111000000000011111111111000000000011111111111
0000000000011111111110000000000011111111110000000000011111111111000000000011111111111000000000011111111111
0000000000011111111110000000000011111111110000000000011111111111000000000011111111111000000000011111111111
0000000000011111111110000000000011111111110000000000011111111111000000000011111111111000000000011111111111
0000000000011111111110000000000011111111110000000000011111111111000000000011111111111000000000011111111111
0000000000011111111110000000000011111111110000000000011111111111000000000011111111111000000000011111111111
0000000000011111111110000000000011111111110000000000011111111111000000000011111111111000000000011111111111
0000000000011111111110000000000011111111110000000000011111111111000000000011111111111000000000011111111111
0000000000000000000000000000000000000000000000000000000000000000000000000000000000000000000000000000000000
1111111110000000001111111110000000011111111100000000011111111100000000011111111100000000111111111000000000
1111111110000000001111111110000000011111111100000000011111111100000000011111111100000000111111111000000000
1111111110000000001111111110000000011111111100000000011111111100000000011111111100000000111111111000000000
1111111110000000001111111110000000011111111100000000011111111100000000011111111100000000111111111000000000
1111111110000000001111111110000000011111111100000000011111111100000000011111111100000000111111111000000001
1111111110000000001111111110000000011111111100000000011111111100000000011111111100000000111111111000000000
1111111110000000001111111110000000011111111100000000011111111100000000011111111100000000111111111000000000
1111111110000000001111111110000000011111111100000000011111111100000000011111111100000000111111111000000001
----- 010.pbm -----
P1
106 17
0000000000011111111110000000000011111111110000000000011111111111000000000011111111111000000000011111111111
0000000000011111111110000000000011111111110000000000011111111111000000000011111111111000000000011111111111
0000000000011111111110000000000011111111110000000000011111111111000000000011111111111000000000011111111111
0000000000011111111110000000000011111111110000000000011111111111000000000011111111111000000000011111111111
0000000000011111111110000000000011111111110000000000011111111111000000000011111111111000000000011111111111
0000000000011111111110000000000011111111110000000000011111111111000000000011111111111000000000011111111111
0000000000011111111110000000000011111111110000000000011111111111000000000011111111111000000000011111111111
0000000000011111111110000000000011111111110000000000011111111111000000000011111111111000000000011111111111
0000000000000000000000000000000000000000000000000000000000000000000000000000000000000000000000000000000000
1111111110000000001111111110000000011111111100000000011111111100000000011111111100000000111111111000000000
1111111110000000001111111110000000011111111100000000011111111100000000011111111100000000111111111000000000
1111111110000000001111111110000000011111111100000000011111111100000000011111111100000000111111111000000000
1111111110000000001111111110000000011111111100000000011111111100000000011111111100000000111111111000000000
1111111110000000001111111110000000011111111100000000011111111100000000011111111100000000111111111000000001
1111111110000000001111111110000000011111111100000000011111111100000000011111111100000000111111111000000000
1111111110000000001111111110000000011111111100000000011111111100000000011111111100000000111111111000000001
1111111110000000001111111110000000011111111100000000011111111100000000011111111100000000111111111000000000
----- 011.pbm -----
P1
106 17
0000000000011111111110000000000011111111110000000000011111111111000000000011111111111000000000011111111111
0000000000011111111110000000000011111111110000000000011111111111000000000011111111111000000000011111111111
0000000000011111111110000000000011111111110000000000011111111111000000000011111111111000000000011111111111
0000000000011111111110000000000011111111110000000000011111111111000000000011111111111000000000011111111111
0000000000011111111110000000000011111111110000000000011111111111000000000011111111111000000000011111111111
0000000000011111111110000000000011111111110000000000011111111111000000000011111111111000000000011111111111
0000000000011111111110000000000011111111110000000000011111111111000000000011111111111000000000011111111111
0000000000011111111110000000000011111111110000000000011111111111000000000011111111111000000000011111111111
0000000000000000000000000000000000000000000000000000000000000000000000000000000000000000000000000000000000
1111111110000000001111111110000000011111111100000000011111111100000000011111111100000000111111111000000000
1111111110000000001111111110000000011111111100000000011111111100000000011111111100000000111111111000000000
1111111110000000001111111110000000011111111100000000011111111100000000011111111100000000111111111000000000
1111111110000000001111111110000000011111111100000000011111111100000000011111111100000000111111111000000000
1111111110000000001111111110000000011111111100000000011111111100000000011111111100000000111111111000000001
1111111110000000001111111110000000011111111100000000011111111100000000011111111100000000111111111000000000
1111111110000000001111111110000000011111111100000000011111111100000000011111111100000000111111111000000001
1111111110000000001111111110000000011111111100000000011111111100000000011111111100000000111111111000000001
----- 012.pbm -----
P1
106 17
0000000000011111111110000000000011111111110000000000011111111111000000000011111111111000000000011111111111
0000000000011111111110000000000011111111110000000000011111111111000000000011111111111000000000011111111111
0000000000011111111110000000000011111111110000000000011111111111000000000011111111111000000000011111111111
0000000000011111111110000000000011111111110000000000011111111111000000000011111111111000000000011111111111
0000000000011111111110000000000011111111110000000000011111111111000000000011111111111000000000011111111111
0000000000011111111110000000000011111111110000000000011111111111000000000011111111111000000000011111111111
0000000000011111111110000000000011111111110000000000011111111111000000000011111111111000000000011111111111
0000000000011111111110000000000011111111110000000000011111111111000000000011111111111000000000011111111111
0000000000000000000000000000000000000000000000000000000000000000000000000000000000000000000000000000000000
1111111110000000001111111110000000011111111100000000011111111100000000011111111100000000111111111000000000
1111111110000000001111111110000000011111111100000000011111111100000000011111111100000000111111111000000000
1111111110000000001111111110000000011111111100000000011111111100000000011111111100000000111111111000000000
1111111110000000001111111110000000011111111100000000011111111100000000011111111100000000111111111000000000
1111111110000000001111111110000000011111111100000000011111111100000000011111111100000000111111111000000001
1111111110000000001111111110000000011111111100000000011111111100000000011111111100000000111111111000000001
1111111110000000001111111110000000011111111100000000011111111100000000011111111100000000111111111000000000
1111111110000000001111111110000000011111111100000000011111111100000000011111111100000000111111111000000000
----- 013.pbm -----
P1
106 17
0000000000011111111110000000000011111111110000000000011111111111000000000011111111111000000000011111111111
0000000000011111111110000000000011111111110000000000011111111111000000000011111111111000000000011111111111
0000000000011111111110000000000011111111110000000000011111111111000000000011111111111000000000011111111111
0000000000011111111110000000000011111111110000000000011111111111000000000011111111111000000000011111111111
0000000000011111111110000000000011111111110000000000011111111111000000000011111111111000000000011111111111
0000000000011111111110000000000011111111110000000000011111111111000000000011111111111000000000011111111111
0000000000011111111110000000000011111111110000000000011111111111000000000011111111111000000000011111111111
0000000000011111111110000000000011111111110000000000011111111111000000000011111111111000000000011111111111
0000000000000000000000000000000000000000000000000000000000000000000000000000000000000000000000000000000000
1111111110000000001111111110000000011111111100000000011111111100000000011111111100000000111111111000000000
1111111110000000001111111110000000011111111100000000011111111100000000011111111100000000111111111000000000
1111111110000000001111111110000000011111111100000000011111111100000000011111111100000000111111111000000000
1111111110000000001111111110000000011111111100000000011111111100000000011111111100000000111111111000000000
1111111110000000001111111110000000011111111100000000011111111100000000011111111100000000111111111000000001
1111111110000000001111111110000000011111111100000000011111111100000000011111111100000000111111111000000001
1111111110000000001111111110000000011111111100000000011111111100000000011111111100000000111111111000000000
1111111110000000001111111110000000011111111100000000011111111100000000011111111100000000111111111000000001
----- 014.pbm -----
P1
106 17
0000000000011111111110000000000011111111110000000000011111111111000000000011111111111000000000011111111111
0000000000011111111110000000000011111111110000000000011111111111000000000011111111111000000000011111111111
0000000000011111111110000000000011111111110000000000011111111111000000000011111111111000000000011111111111
0000000000011111111110000000000011111111110000000000011111111111000000000011111111111000000000011111111111
0000000000011111111110000000000011111111110000000000011111111111000000000011111111111000000000011111111111
0000000000011111111110000000000011111111110000000000011111111111000000000011111111111000000000011111111111
0000000000011111111110000000000011111111110000000000011111111111000000000011111111111000000000011111111111
0000000000011111111110000000000011111111110000000000011111111111000000000011111111111000000000011111111111
0000000000000000000000000000000000000000000000000000000000000000000000000000000000000000000000000000000000
1111111110000000001111111110000000011111111100000000011111111100000000011111111100000000111111111000000000
1111111110000000001111111110000000011111111100000000011111111100000000011111111100000000111111111000000000
1111111110000000001111111110000000011111111100000000011111111100000000011111111100000000111111111000000000
1111111110000000001111111110000000011111111100000000011111111100000000011111111100000000111111111000000000
1111111110000000001111111110000000011111111100000000011111111100000000011111111100000000111111111000000001
1111111110000000001111111110000000011111111100000000011111111100000000011111111100000000111111111000000001
1111111110000000001111111110000000011111111100000000011111111100000000011111111100000000111111111000000001
1111111110000000001111111110000000011111111100000000011111111100000000011111111100000000111111111000000000
----- 015.pbm -----
P1
106 17
0000000000011111111110000000000011111111110000000000011111111111000000000011111111111000000000011111111111
0000000000011111111110000000000011111111110000000000011111111111000000000011111111111000000000011111111111
0000000000011111111110000000000011111111110000000000011111111111000000000011111111111000000000011111111111
0000000000011111111110000000000011111111110000000000011111111111000000000011111111111000000000011111111111
0000000000011111111110000000000011111111110000000000011111111111000000000011111111111000000000011111111111
0000000000011111111110000000000011111111110000000000011111111111000000000011111111111000000000011111111111
0000000000011111111110000000000011111111110000000000011111111111000000000011111111111000000000011111111111
0000000000011111111110000000000011111111110000000000011111111111000000000011111111111000000000011111111111
0000000000000000000000000000000000000000000000000000000000000000000000000000000000000000000000000000000000
1111111110000000001111111110000000011111111100000000011111111100000000011111111100000000111111111000000000
1111111110000000001111111110000000011111111100000000011111111100000000011111111100000000111111111000000000
1111111110000000001111111110000000011111111100000000011111111100000000011111111100000000111111111000000000
1111111110000000001111111110000000011111111100000000011111111100000000011111111100000000111111111000000000
1111111110000000001111111110000000011111111100000000011111111100000000011111111100000000111111111000000001
1111111110000000001111111110000000011111111100000000011111111100000000011111111100000000111111111000000001
1111111110000000001111111110000000011111111100000000011111111100000000011111111100000000111111111000000001
1111111110000000001111111110000000011111111100000000011111111100000000011111111100000000111111111000000001
----- 016.pbm -----
P1
106 17
0000000000011111111110000000000011111111110000000000011111111111000000000011111111111000000000011111111111
0000000000011111111110000000000011111111110000000000011111111111000000000011111111111000000000011111111111
0000000000011111111110000000000011111111110000000000011111111111000000000011111111111000000000011111111111
0000000000011111111110000000000011111111110000000000011111111111000000000011111111111000000000011111111111
0000000000011111111110000000000011111111110000000000011111111111000000000011111111111000000000011111111111
0000000000011111111110000000000011111111110000000000011111111111000000000011111111111000000000011111111111
0000000000011111111110000000000011111111110000000000011111111111000000000011111111111000000000011111111111
0000000000011111111110000000000011111111110000000000011111111111000000000011111111111000000000011111111111
0000000000000000000000000000000000000000000000000000000000000000000000000000000000000000000000000000000000
1111111110000000001111111110000000011111111100000000011111111100000000011111111100000000111111111000000000
1111111110000000001111111110000000011111111100000000011111111100000000011111111100000000111111111000000000
1111111110000000001111111110000000011111111100000000011111111100000000011111111100000000111111111000000000
1111111110000000001111111110000000011111111100000000011111111100000000011111111100000000111111111000000001
1111111110000000001111111110000000011111111100000000011111111100000000011111111100000000111111111000000000
1111111110000000001111111110000000011111111100000000011111111100000000011111111100000000111111111000000000
1111111110000000001111111110000000011111111100000000011111111100000000011111111100000000111111111000000000
1111111110000000001111111110000000011111111100000000011111111100000000011111111100000000111111111000000000
----- 017.pbm -----
P1
106 17
0000000000011111111110000000000011111111110000000000011111111111000000000011111111111000000000011111111111
0000000000011111111110000000000011111111110000000000011111111111000000000011111111111000000000011111111111
0000000000011111111110000000000011111111110000000000011111111111000000000011111111111000000000011111111111
0000000000011111111110000000000011111111110000000000011111111111000000000011111111111000000000011111111111
0000000000011111111110000000000011111111110000000000011111111111000000000011111111111000000000011111111111
0000000000011111111110000000000011111111110000000000011111111111000000000011111111111000000000011111111111
0000000000011111111110000000000011111111110000000000011111111111000000000011111111111000000000011111111111
0000000000011111111110000000000011111111110000000000011111111111000000000011111111111000000000011111111111
0000000000000000000000000000000000000000000000000000000000000000000000000000000000000000000000000000000000
1111111110000000001111111110000000011111111100000000011111111100000000011111111100000000111111111000000000
1111111110000000001111111110000000011111111100000000011111111100000000011111111100000000111111111000000000
1111111110000000001111111110000000011111111100000000011111111100000000011111111100000000111111111000000000
1111111110000000001111111110000000011111111100000000011111111100000000011111111100000000111111111000000001
1111111110000000001111111110000000011111111100000000011111111100000000011111111100000000111111111000000000
1111111110000000001111111110000000011111111100000000011111111100000000011111111100000000111111111000000000
1111111110000000001111111110000000011111111100000000011111111100000000011111111100000000111111111000000000
1111111110000000001111111110000000011111111100000000011111111100000000011111111100000000111111111000000001
----- 018.pbm -----
P1
106 17
0000000000011111111110000000000011111111110000000000011111111111000000000011111111111000000000011111111111
0000000000011111111110000000000011111111110000000000011111111111000000000011111111111000000000011111111111
0000000000011111111110000000000011111111110000000000011111111111000000000011111111111000000000011111111111
0000000000011111111110000000000011111111110000000000011111111111000000000011111111111000000000011111111111
0000000000011111111110000000000011111111110000000000011111111111000000000011111111111000000000011111111111
0000000000011111111110000000000011111111110000000000011111111111000000000011111111111000000000011111111111
0000000000011111111110000000000011111111110000000000011111111111000000000011111111111000000000011111111111
0000000000011111111110000000000011111111110000000000011111111111000000000011111111111000000000011111111111
0000000000000000000000000000000000000000000000000000000000000000000000000000000000000000000000000000000000
1111111110000000001111111110000000011111111100000000011111111100000000011111111100000000111111111000000000
1111111110000000001111111110000000011111111100000000011111111100000000011111111100000000111111111000000000
1111111110000000001111111110000000011111111100000000011111111100000000011111111100000000111111111000000000
1111111110000000001111111110000000011111111100000000011111111100000000011111111100000000111111111000000001
1111111110000000001111111110000000011111111100000000011111111100000000011111111100000000111111111000000000
1111111110000000001111111110000000011111111100000000011111111100000000011111111100000000111111111000000000
1111111110000000001111111110000000011111111100000000011111111100000000011111111100000000111111111000000001
1111111110000000001111111110000000011111111100000000011111111100000000011111111100000000111111111000000000
----- 019.pbm -----
P1
106 17
0000000000011111111110000000000011111111110000000000011111111111000000000011111111111000000000011111111111
0000000000011111111110000000000011111111110000000000011111111111000000000011111111111000000000011111111111
0000000000011111111110000000000011111111110000000000011111111111000000000011111111111000000000011111111111
0000000000011111111110000000000011111111110000000000011111111111000000000011111111111000000000011111111111
0000000000011111111110000000000011111111110000000000011111111111000000000011111111111000000000011111111111
0000000000011111111110000000000011111111110000000000011111111111000000000011111111111000000000011111111111
0000000000011111111110000000000011111111110000000000011111111111000000000011111111111000000000011111111111
0000000000011111111110000000000011111111110000000000011111111111000000000011111111111000000000011111111111
0000000000000000000000000000000000000000000000000000000000000000000000000000000000000000000000000000000000
1111111110000000001111111110000000011111111100000000011111111100000000011111111100000000111111111000000000
1111111110000000001111111110000000011111111100000000011111111100000000011111111100000000111111111000000000
1111111110000000001111111110000000011111111100000000011111111100000000011111111100000000111111111000000000
1111111110000000001111111110000000011111111100000000011111111100000000011111111100000000111111111000000001
1111111110000000001111111110000000011111111100000000011111111100000000011111111100000000111111111000000000
1111111110000000001111111110000000011111111100000000011111111100000000011111111100000000111111111000000000
1111111110000000001111111110000000011111111100000000011111111100000000011111111100000000111111111000000001
1111111110000000001111111110000000011111111100000000011111111100000000011111111100000000111111111000000001
----- 020.pbm -----
P1
106 17
0000000000011111111110000000000011111111110000000000011111111111000000000011111111111000000000011111111111
0000000000011111111110000000000011111111110000000000011111111111000000000011111111111000000000011111111111
0000000000011111111110000000000011111111110000000000011111111111000000000011111111111000000000011111111111
0000000000011111111110000000000011111111110000000000011111111111000000000011111111111000000000011111111111
0000000000011111111110000000000011111111110000000000011111111111000000000011111111111000000000011111111111
0000000000011111111110000000000011111111110000000000011111111111000000000011111111111000000000011111111111
0000000000011111111110000000000011111111110000000000011111111111000000000011111111111000000000011111111111
0000000000011111111110000000000011111111110000000000011111111111000000000011111111111000000000011111111111
0000000000000000000000000000000000000000000000000000000000000000000000000000000000000000000000000000000000
1111111110000000001111111110000000011111111100000000011111111100000000011111111100000000111111111000000000
1111111110000000001111111110000000011111111100000000011111111100000000011111111100000000111111111000000000
1111111110000000001111111110000000011111111100000000011111111100000000011111111100000000111111111000000000
1111111110000000001111111110000000011111111100000000011111111100000000011111111100000000111111111000000001
1111111110000000001111111110000000011111111100000000011111111100000000011111111100000000111111111000000000
1111111110000000001111111110000000011111111100000000011111111100000000011111111100000000111111111000000001
1111111110000000001111111110000000011111111100000000011111111100000000011111111100000000111111111000000000
1111111110000000001111111110000000011111111100000000011111111100000000011111111100000000111111111000000000
----- 021.pbm -----
P1
106 17
0000000000011111111110000000000011111111110000000000011111111111000000000011111111111000000000011111111111
0000000000011111111110000000000011111111110000000000011111111111000000000011111111111000000000011111111111
0000000000011111111110000000000011111111110000000000011111111111000000000011111111111000000000011111111111
0000000000011111111110000000000011111111110000000000011111111111000000000011111111111000000000011111111111
0000000000011111111110000000000011111111110000000000011111111111000000000011111111111000000000011111111111
0000000000011111111110000000000011111111110000000000011111111111000000000011111111111000000000011111111111
0000000000011111111110000000000011111111110000000000011111111111000000000011111111111000000000011111111111
0000000000011111111110000000000011111111110000000000011111111111000000000011111111111000000000011111111111
0000000000000000000000000000000000000000000000000000000000000000000000000000000000000000000000000000000000
1111111110000000001111111110000000011111111100000000011111111100000000011111111100000000111111111000000000
1111111110000000001111111110000000011111111100000000011111111100000000011111111100000000111111111000000000
1111111110000000001111111110000000011111111100000000011111111100000000011111111100000000111111111000000000
1111111110000000001111111110000000011111111100000000011111111100000000011111111100000000111111111000000001
1111111110000000001111111110000000011111111100000000011111111100000000011111111100000000111111111000000000
1111111110000000001111111110000000011111111100000000011111111100000000011111111100000000111111111000000001
1111111110000000001111111110000000011111111100000000011111111100000000011111111100000000111111111000000000
1111111110000000001111111110000000011111111100000000011111111100000000011111111100000000111111111000000001
----- 022.pbm -----
P1
106 17
0000000000011111111110000000000011111111110000000000011111111111000000000011111111111000000000011111111111
0000000000011111111110000000000011111111110000000000011111111111000000000011111111111000000000011111111111
0000000000011111111110000000000011111111110000000000011111111111000000000011111111111000000000011111111111
0000000000011111111110000000000011111111110000000000011111111111000000000011111111111000000000011111111111
0000000000011111111110000000000011111111110000000000011111111111000000000011111111111000000000011111111111
0000000000011111111110000000000011111111110000000000011111111111000000000011111111111000000000011111111111
0000000000011111111110000000000011111111110000000000011111111111000000000011111111111000000000011111111111
0000000000011111111110000000000011111111110000000000011111111111000000000011111111111000000000011111111111
0000000000000000000000000000000000000000000000000000000000000000000000000000000000000000000000000000000000
1111111110000000001111111110000000011111111100000000011111111100000000011111111100000000111111111000000000
1111111110000000001111111110000000011111111100000000011111111100000000011111111100000000111111111000000000
1111111110000000001111111110000000011111111100000000011111111100000000011111111100000000111111111000000000
1111111110000000001111111110000000011111111100000000011111111100000000011111111100000000111111111000000001
1111111110000000001111111110000000011111111100000000011111111100000000011111111100000000111111111000000000
1111111110000000001111111110000000011111111100000000011111111100000000011111111100000000111111111000000001
1111111110000000001111111110000000011111111100000000011111111100000000011111111100000000111111111000000001
1111111110000000001111111110000000011111111100000000011111111100000000011111111100000000111111111000000000
----- 023.pbm -----
P1
106 17
0000000000011111111110000000000011111111110000000000011111111111000000000011111111111000000000011111111111
0000000000011111111110000000000011111111110000000000011111111111000000000011111111111000000000011111111111
0000000000011111111110000000000011111111110000000000011111111111000000000011111111111000000000011111111111
0000000000011111111110000000000011111111110000000000011111111111000000000011111111111000000000011111111111
0000000000011111111110000000000011111111110000000000011111111111000000000011111111111000000000011111111111
0000000000011111111110000000000011111111110000000000011111111111000000000011111111111000000000011111111111
0000000000011111111110000000000011111111110000000000011111111111000000000011111111111000000000011111111111
0000000000011111111110000000000011111111110000000000011111111111000000000011111111111000000000011111111111
0000000000000000000000000000000000000000000000000000000000000000000000000000000000000000000000000000000000
1111111110000000001111111110000000011111111100000000011111111100000000011111111100000000111111111000000000
1111111110000000001111111110000000011111111100000000011111111100000000011111111100000000111111111000000000
1111111110000000001111111110000000011111111100000000011111111100000000011111111100000000111111111000000000
1111111110000000001111111110000000011111111100000000011111111100000000011111111100000000111111111000000001
1111111110000000001111111110000000011111111100000000011111111100000000011111111100000000111111111000000000
1111111110000000001111111110000000011111111100000000011111111100000000011111111100000000111111111000000001
1111111110000000001111111110000000011111111100000000011111111100000000011111111100000000111111111000000001
1111111110000000001111111110000000011111111100000000011111111100000000011111111100000000111111111000000001
----- 024.pbm -----
P1
106 17
0000000000011111111110000000000011111111110000000000011111111111000000000011111111111000000000011111111111
0000000000011111111110000000000011111111110000000000011111111111000000000011111111111000000000011111111111
0000000000011111111110000000000011111111110000000000011111111111000000000011111111111000000000011111111111
0000000000011111111110000000000011111111110000000000011111111111000000000011111111111000000000011111111111
0000000000011111111110000000000011111111110000000000011111111111000000000011111111111000000000011111111111
0000000000011111111110000000000011111111110000000000011111111111000000000011111111111000000000011111111111
0000000000011111111110000000000011111111110000000000011111111111000000000011111111111000000000011111111111
0000000000011111111110000000000011111111110000000000011111111111000000000011111111111000000000011111111111
0000000000000000000000000000000000000000000000000000000000000000000000000000000000000000000000000000000000
1111111110000000001111111110000000011111111100000000011111111100000000011111111100000000111111111000000000
1111111110000000001111111110000000011111111100000000011111111100000000011111111100000000111111111000000000
1111111110000000001111111110000000011111111100000000011111111100000000011111111100000000111111111000000000
1111111110000000001111111110000000011111111100000000011111111100000000011111111100000000111111111000000001
1111111110000000001111111110000000011111111100000000011111111100000000011111111100000000111111111000000001
1111111110000000001111111110000000011111111100000000011111111100000000011111111100000000111111111000000000
1111111110000000001111111110000000011111111100000000011111111100000000011111111100000000111111111000000000
1111111110000000001111111110000000011111111100000000011111111100000000011111111100000000111111111000000000
----- 025.pbm -----
P1
106 17
0000000000011111111110000000000011111111110000000000011111111111000000000011111111111000000000011111111111
0000000000011111111110000000000011111111110000000000011111111111000000000011111111111000000000011111111111
0000000000011111111110000000000011111111110000000000011111111111000000000011111111111000000000011111111111
0000000000011111111110000000000011111111110000000000011111111111000000000011111111111000000000011111111111
0000000000011111111110000000000011111111110000000000011111111111000000000011111111111000000000011111111111
0000000000011111111110000000000011111111110000000000011111111111000000000011111111111000000000011111111111
0000000000011111111110000000000011111111110000000000011111111111000000000011111111111000000000011111111111
0000000000011111111110000000000011111111110000000000011111111111000000000011111111111000000000011111111111
0000000000000000000000000000000000000000000000000000000000000000000000000000000000000000000000000000000000
1111111110000000001111111110000000011111111100000000011111111100000000011111111100000000111111111000000000
1111111110000000001111111110000000011111111100000000011111111100000000011111111100000000111111111000000000
1111111110000000001111111110000000011111111100000000011111111100000000011111111100000000111111111000000000
1111111110000000001111111110000000011111111100000000011111111100000000011111111100000000111111111000000001
1111111110000000001111111110000000011111111100000000011111111100000000011111111100000000111111111000000001
1111111110000000001111111110000000011111111100000000011111111100000000011111111100000000111111111000000000
1111111110000000001111111110000000011111111100000000011111111100000000011111111100000000111111111000000000
1111111110000000001111111110000000011111111100000000011111111100000000011111111100000000111111111000000001
----- 026.pbm -----
P1
106 17
0000000000011111111110000000000011111111110000000000011111111111000000000011111111111000000000011111111111
0000000000011111111110000000000011111111110000000000011111111111000000000011111111111000000000011111111111
0000000000011111111110000000000011111111110000000000011111111111000000000011111111111000000000011111111111
0000000000011111111110000000000011111111110000000000011111111111000000000011111111111000000000011111111111
0000000000011111111110000000000011111111110000000000011111111111000000000011111111111000000000011111111111
0000000000011111111110000000000011111111110000000000011111111111000000000011111111111000000000011111111111
0000000000011111111110000000000011111111110000000000011111111111000000000011111111111000000000011111111111
0000000000011111111110000000000011111111110000000000011111111111000000000011111111111000000000011111111111
0000000000000000000000000000000000000000000000000000000000000000000000000000000000000000000000000000000000
1111111110000000001111111110000000011111111100000000011111111100000000011111111100000000111111111000000000
1111111110000000001111111110000000011111111100000000011111111100000000011111111100000000111111111000000000
1111111110000000001111111110000000011111111100000000011111111100000000011111111100000000111111111000000000
1111111110000000001111111110000000011111111100000000011111111100000000011111111100000000111111111000000001
1111111110000000001111111110000000011111111100000000011111111100000000011111111100000000111111111000000001
1111111110000000001111111110000000011111111100000000011111111100000000011111111100000000111111111000000000
1111111110000000001111111110000000011111111100000000011111111100000000011111111100000000111111111000000001
1111111110000000001111111110000000011111111100000000011111111100000000011111111100000000111111111000000000
----- 027.pbm -----
P1
106 17
0000000000011111111110000000000011111111110000000000011111111111000000000011111111111000000000011111111111
0000000000011111111110000000000011111111110000000000011111111111000000000011111111111000000000011111111111
0000000000011111111110000000000011111111110000000000011111111111000000000011111111111000000000011111111111
0000000000011111111110000000000011111111110000000000011111111111000000000011111111111000000000011111111111
0000000000011111111110000000000011111111110000000000011111111111000000000011111111111000000000011111111111
0000000000011111111110000000000011111111110000000000011111111111000000000011111111111000000000011111111111
0000000000011111111110000000000011111111110000000000011111111111000000000011111111111000000000011111111111
0000000000011111111110000000000011111111110000000000011111111111000000000011111111111000000000011111111111
0000000000000000000000000000000000000000000000000000000000000000000000000000000000000000000000000000000000
1111111110000000001111111110000000011111111100000000011111111100000000011111111100000000111111111000000000
1111111110000000001111111110000000011111111100000000011111111100000000011111111100000000111111111000000000
1111111110000000001111111110000000011111111100000000011111111100000000011111111100000000111111111000000000
1111111110000000001111111110000000011111111100000000011111111100000000011111111100000000111111111000000001
1111111110000000001111111110000000011111111100000000011111111100000000011111111100000000111111111000000001
1111111110000000001111111110000000011111111100000000011111111100000000011111111100000000111111111000000000
1111111110000000001111111110000000011111111100000000011111111100000000011111111100000000111111111000000001
1111111110000000001111111110000000011111111100000000011111111100000000011111111100000000111111111000000001
----- 028.pbm -----
P1
106 17
0000000000011111111110000000000011111111110000000000011111111111000000000011111111111000000000011111111111
0000000000011111111110000000000011111111110000000000011111111111000000000011111111111000000000011111111111
0000000000011111111110000000000011111111110000000000011111111111000000000011111111111000000000011111111111
0000000000011111111110000000000011111111110000000000011111111111000000000011111111111000000000011111111111
0000000000011111111110000000000011111111110000000000011111111111000000000011111111111000000000011111111111
0000000000011111111110000000000011111111110000000000011111111111000000000011111111111000000000011111111111
0000000000011111111110000000000011111111110000000000011111111111000000000011111111111000000000011111111111
0000000000011111111110000000000011111111110000000000011111111111000000000011111111111000000000011111111111
0000000000000000000000000000000000000000000000000000000000000000000000000000000000000000000000000000000000
1111111110000000001111111110000000011111111100000000011111111100000000011111111100000000111111111000000000
1111111110000000001111111110000000011111111100000000011111111100000000011111111100000000111111111000000000
1111111110000000001111111110000000011111111100000000011111111100000000011111111100000000111111111000000000
1111111110000000001111111110000000011111111100000000011111111100000000011111111100000000111111111000000001
1111111110000000001111111110000000011111111100000000011111111100000000011111111100000000111111111000000001
1111111110000000001111111110000000011111111100000000011111111100000000011111111100000000111111111000000001
1111111110000000001111111110000000011111111100000000011111111100000000011111111100000000111111111000000000
1111111110000000001111111110000000011111111100000000011111111100000000011111111100000000111111111000000000
----- 029.pbm -----
P1
106 17
0000000000011111111110000000000011111111110000000000011111111111000000000011111111111000000000011111111111
0000000000011111111110000000000011111111110000000000011111111111000000000011111111111000000000011111111111
0000000000011111111110000000000011111111110000000000011111111111000000000011111111111000000000011111111111
0000000000011111111110000000000011111111110000000000011111111111000000000011111111111000000000011111111111
0000000000011111111110000000000011111111110000000000011111111111000000000011111111111000000000011111111111
0000000000011111111110000000000011111111110000000000011111111111000000000011111111111000000000011111111111
0000000000011111111110000000000011111111110000000000011111111111000000000011111111111000000000011111111111
0000000000011111111110000000000011111111110000000000011111111111000000000011111111111000000000011111111111
0000000000000000000000000000000000000000000000000000000000000000000000000000000000000000000000000000000000
1111111110000000001111111110000000011111111100000000011111111100000000011111111100000000111111111000000000
1111111110000000001111111110000000011111111100000000011111111100000000011111111100000000111111111000000000
1111111110000000001111111110000000011111111100000000011111111100000000011111111100000000111111111000000000
1111111110000000001111111110000000011111111100000000011111111100000000011111111100000000111111111000000001
1111111110000000001111111110000000011111111100000000011111111100000000011111111100000000111111111000000001
1111111110000000001111111110000000011111111100000000011111111100000000011111111100000000111111111000000001
1111111110000000001111111110000000011111111100000000011111111100000000011111111100000000111111111000000000
1111111110000000001111111110000000011111111100000000011111111100000000011111111100000000111111111000000001
----- 030.pbm -----
P1
106 17
0000000000011111111110000000000011111111110000000000011111111111000000000011111111111000000000011111111111
0000000000011111111110000000000011111111110000000000011111111111000000000011111111111000000000011111111111
0000000000011111111110000000000011111111110000000000011111111111000000000011111111111000000000011111111111
0000000000011111111110000000000011111111110000000000011111111111000000000011111111111000000000011111111111
0000000000011111111110000000000011111111110000000000011111111111000000000011111111111000000000011111111111
0000000000011111111110000000000011111111110000000000011111111111000000000011111111111000000000011111111111
0000000000011111111110000000000011111111110000000000011111111111000000000011111111111000000000011111111111
0000000000011111111110000000000011111111110000000000011111111111000000000011111111111000000000011111111111
0000000000000000000000000000000000000000000000000000000000000000000000000000000000000000000000000000000000
1111111110000000001111111110000000011111111100000000011111111100000000011111111100000000111111111000000000
1111111110000000001111111110000000011111111100000000011111111100000000011111111100000000111111111000000000
1111111110000000001111111110000000011111111100000000011111111100000000011111111100000000111111111000000000
1111111110000000001111111110000000011111111100000000011111111100000000011111111100000000111111111000000001
1111111110000000001111111110000000011111111100000000011111111100000000011111111100000000111111111000000001
1111111110000000001111111110000000011111111100000000011111111100000000011111111100000000111111111000000001
1111111110000000001111111110000000011111111100000000011111111100000000011111111100000000111111111000000001
1111111110000000001111111110000000011111111100000000011111111100000000011111111100000000111111111000000000
----- 031.pbm -----
P1
106 17
0000000000011111111110000000000011111111110000000000011111111111000000000011111111111000000000011111111111
0000000000011111111110000000000011111111110000000000011111111111000000000011111111111000000000011111111111
0000000000011111111110000000000011111111110000000000011111111111000000000011111111111000000000011111111111
0000000000011111111110000000000011111111110000000000011111111111000000000011111111111000000000011111111111
0000000000011111111110000000000011111111110000000000011111111111000000000011111111111000000000011111111111
0000000000011111111110000000000011111111110000000000011111111111000000000011111111111000000000011111111111
0000000000011111111110000000000011111111110000000000011111111111000000000011111111111000000000011111111111
0000000000011111111110000000000011111111110000000000011111111111000000000011111111111000000000011111111111
0000000000000000000000000000000000000000000000000000000000000000000000000000000000000000000000000000000000
1111111110000000001111111110000000011111111100000000011111111100000000011111111100000000111111111000000000
1111111110000000001111111110000000011111111100000000011111111100000000011111111100000000111111111000000000
1111111110000000001111111110000000011111111100000000011111111100000000011111111100000000111111111000000000
1111111110000000001111111110000000011111111100000000011111111100000000011111111100000000111111111000000001
1111111110000000001111111110000000011111111100000000011111111100000000011111111100000000111111111000000001
1111111110000000001111111110000000011111111100000000011111111100000000011111111100000000111111111000000001
1111111110000000001111111110000000011111111100000000011111111100000000011111111100000000111111111000000001
1111111110000000001111111110000000011111111100000000011111111100000000011111111100000000111111111000000001
----- 032.pbm -----
P1
106 17
0000000000011111111110000000000011111111110000000000011111111111000000000011111111111000000000011111111111
0000000000011111111110000000000011111111110000000000011111111111000000000011111111111000000000011111111111
0000000000011111111110000000000011111111110000000000011111111111000000000011111111111000000000011111111111
0000000000011111111110000000000011111111110000000000011111111111000000000011111111111000000000011111111111
0000000000011111111110000000000011111111110000000000011111111111000000000011111111111000000000011111111111
0000000000011111111110000000000011111111110000000000011111111111000000000011111111111000000000011111111111
0000000000011111111110000000000011111111110000000000011111111111000000000011111111111000000000011111111111
0000000000011111111110000000000011111111110000000000011111111111000000000011111111111000000000011111111111
0000000000000000000000000000000000000000000000000000000000000000000000000000000000000000000000000000000000
1111111110000000001111111110000000011111111100000000011111111100000000011111111100000000111111111000000000
1111111110000000001111111110000000011111111100000000011111111100000000011111111100000000111111111000000000
1111111110000000001111111110000000011111111100000000011111111100000000011111111100000000111111111000000001
1111111110000000001111111110000000011111111100000000011111111100000000011111111100000000111111111000000000
1111111110000000001111111110000000011111111100000000011111111100000000011111111100000000111111111000000000
1111111110000000001111111110000000011111111100000000011111111100000000011111111100000000111111111000000000
1111111110000000001111111110000000011111111100000000011111111100000000011111111100000000111111111000000000
1111111110000000001111111110000000011111111100000000011111111100000000011111111100000000111111111000000000
----- 033.pbm -----
P1
106 17
0000000000011111111110000000000011111111110000000000011111111111000000000011111111111000000000011111111111
0000000000011111111110000000000011111111110000000000011111111111000000000011111111111000000000011111111111
0000000000011111111110000000000011111111110000000000011111111111000000000011111111111000000000011111111111
0000000000011111111110000000000011111111110000000000011111111111000000000011111111111000000000011111111111
0000000000011111111110000000000011111111110000000000011111111111000000000011111111111000000000011111111111
0000000000011111111110000000000011111111110000000000011111111111000000000011111111111000000000011111111111
0000000000011111111110000000000011111111110000000000011111111111000000000011111111111000000000011111111111
0000000000011111111110000000000011111111110000000000011111111111000000000011111111111000000000011111111111
0000000000000000000000000000000000000000000000000000000000000000000000000000000000000000000000000000000000
1111111110000000001111111110000000011111111100000000011111111100000000011111111100000000111111111000000000
1111111110000000001111111110000000011111111100000000011111111100000000011111111100000000111111111000000000
1111111110000000001111111110000000011111111100000000011111111100000000011111111100000000111111111000000001
1111111110000000001111111110000000011111111100000000011111111100000000011111111100000000111111111000000000
1111111110000000001111111110000000011111111100000000011111111100000000011111111100000000111111111000000000
1111111110000000001111111110000000011111111100000000011111111100000000011111111100000000111111111000000000
1111111110000000001111111110000000011111111100000000011111111100000000011111111100000000111111111000000000
1111111110000000001111111110000000011111111100000000011111111100000000011111111100000000111111111000000001
----- 034.pbm -----
P1
106 17
0000000000011111111110000000000011111111110000000000011111111111000000000011111111111000000000011111111111
0000000000011111111110000000000011111111110000000000011111111111000000000011111111111000000000011111111111
0000000000011111111110000000000011111111110000000000011111111111000000000011111111111000000000011111111111
0000000000011111111110000000000011111111110000000000011111111111000000000011111111111000000000011111111111
0000000000011111111110000000000011111111110000000000011111111111000000000011111111111000000000011111111111
0000000000011111111110000000000011111111110000000000011111111111000000000011111111111000000000011111111111
0000000000011111111110000000000011111111110000000000011111111111000000000011111111111000000000011111111111
0000000000011111111110000000000011111111110000000000011111111111000000000011111111111000000000011111111111
0000000000000000000000000000000000000000000000000000000000000000000000000000000000000000000000000000000000
1111111110000000001111111110000000011111111100000000011111111100000000011111111100000000111111111000000000
1111111110000000001111111110000000011111111100000000011111111100000000011111111100000000111111111000000000
1111111110000000001111111110000000011111111100000000011111111100000000011111111100000000111111111000000001
1111111110000000001111111110000000011111111100000000011111111100000000011111111100000000111111111000000000
1111111110000000001111111110000000011111111100000000011111111100000000011111111100000000111111111000000000
1111111110000000001111111110000000011111111100000000011111111100000000011111111100000000111111111000000000
1111111110000000001111111110000000011111111100000000011111111100000000011111111100000000111111111000000001
1111111110000000001111111110000000011111111100000000011111111100000000011111111100000000111111111000000000
----- 035.pbm -----
P1
106 17
0000000000011111111110000000000011111111110000000000011111111111000000000011111111111000000000011111111111
0000000000011111111110000000000011111111110000000000011111111111000000000011111111111000000000011111111111
0000000000011111111110000000000011111111110000000000011111111111000000000011111111111000000000011111111111
0000000000011111111110000000000011111111110000000000011111111111000000000011111111111000000000011111111111
0000000000011111111110000000000011111111110000000000011111111111000000000011111111111000000000011111111111
0000000000011111111110000000000011111111110000000000011111111111000000000011111111111000000000011111111111
0000000000011111111110000000000011111111110000000000011111111111000000000011111111111000000000011111111111
0000000000011111111110000000000011111111110000000000011111111111000000000011111111111000000000011111111111
0000000000000000000000000000000000000000000000000000000000000000000000000000000000000000000000000000000000
1111111110000000001111111110000000011111111100000000011111111100000000011111111100000000111111111000000000
1111111110000000001111111110000000011111111100000000011111111100000000011111111100000000111111111000000000
1111111110000000001111111110000000011111111100000000011111111100000000011111111100000000111111111000000001
1111111110000000001111111110000000011111111100000000011111111100000000011111111100000000111111111000000000
1111111110000000001111111110000000011111111100000000011111111100000000011111111100000000111111111000000000
1111111110000000001111111110000000011111111100000000011111111100000000011111111100000000111111111000000000
1111111110000000001111111110000000011111111100000000011111111100000000011111111100000000111111111000000001
1111111110000000001111111110000000011111111100000000011111111100000000011111111100000000111111111000000001
----- 036.pbm -----
P1
106 17
0000000000011111111110000000000011111111110000000000011111111111000000000011111111111000000000011111111111
0000000000011111111110000000000011111111110000000000011111111111000000000011111111111000000000011111111111
0000000000011111111110000000000011111111110000000000011111111111000000000011111111111000000000011111111111
0000000000011111111110000000000011111111110000000000011111111111000000000011111111111000000000011111111111
0000000000011111111110000000000011111111110000000000011111111111000000000011111111111000000000011111111111
0000000000011111111110000000000011111111110000000000011111111111000000000011111111111000000000011111111111
0000000000011111111110000000000011111111110000000000011111111111000000000011111111111000000000011111111111
0000000000011111111110000000000011111111110000000000011111111111000000000011111111111000000000011111111111
0000000000000000000000000000000000000000000000000000000000000000000000000000000000000000000000000000000000
1111111110000000001111111110000000011111111100000000011111111100000000011111111100000000111111111000000000
1111111110000000001111111110000000011111111100000000011111111100000000011111111100000000111111111000000000
1111111110000000001111111110000000011111111100000000011111111100000000011111111100000000111111111000000001
1111111110000000001111111110000000011111111100000000011111111100000000011111111100000000111111111000000000
1111111110000000001111111110000000011111111100000000011111111100000000011111111100000000111111111000000000
1111111110000000001111111110000000011111111100000000011111111100000000011111111100000000111111111000000001
1111111110000000001111111110000000011111111100000000011111111100000000011111111100000000111111111000000000
1111111110000000001111111110000000011111111100000000011111111100000000011111111100000000111111111000000000
----- 037.pbm -----
P1
106 17
0000000000011111111110000000000011111111110000000000011111111111000000000011111111111000000000011111111111
0000000000011111111110000000000011111111110000000000011111111111000000000011111111111000000000011111111111
0000000000011111111110000000000011111111110000000000011111111111000000000011111111111000000000011111111111
0000000000011111111110000000000011111111110000000000011111111111000000000011111111111000000000011111111111
0000000000011111111110000000000011111111110000000000011111111111000000000011111111111000000000011111111111
0000000000011111111110000000000011111111110000000000011111111111000000000011111111111000000000011111111111
0000000000011111111110000000000011111111110000000000011111111111000000000011111111111000000000011111111111
0000000000011111111110000000000011111111110000000000011111111111000000000011111111111000000000011111111111
0000000000000000000000000000000000000000000000000000000000000000000000000000000000000000000000000000000000
1111111110000000001111111110000000011111111100000000011111111100000000011111111100000000111111111000000000
1111111110000000001111111110000000011111111100000000011111111100000000011111111100000000111111111000000000
1111111110000000001111111110000000011111111100000000011111111100000000011111111100000000111111111000000001
1111111110000000001111111110000000011111111100000000011111111100000000011111111100000000111111111000000000
1111111110000000001111111110000000011111111100000000011111111100000000011111111100000000111111111000000000
1111111110000000001111111110000000011111111100000000011111111100000000011111111100000000111111111000000001
1111111110000000001111111110000000011111111100000000011111111100000000011111111100000000111111111000000000
1111111110000000001111111110000000011111111100000000011111111100000000011111111100000000111111111000000001
----- 038.pbm -----
P1
106 17
0000000000011111111110000000000011111111110000000000011111111111000000000011111111111000000000011111111111
0000000000011111111110000000000011111111110000000000011111111111000000000011111111111000000000011111111111
0000000000011111111110000000000011111111110000000000011111111111000000000011111111111000000000011111111111
0000000000011111111110000000000011111111110000000000011111111111000000000011111111111000000000011111111111
0000000000011111111110000000000011111111110000000000011111111111000000000011111111111000000000011111111111
0000000000011111111110000000000011111111110000000000011111111111000000000011111111111000000000011111111111
0000000000011111111110000000000011111111110000000000011111111111000000000011111111111000000000011111111111
0000000000011111111110000000000011111111110000000000011111111111000000000011111111111000000000011111111111
0000000000000000000000000000000000000000000000000000000000000000000000000000000000000000000000000000000000
1111111110000000001111111110000000011111111100000000011111111100000000011111111100000000111111111000000000
1111111110000000001111111110000000011111111100000000011111111100000000011111111100000000111111111000000000
1111111110000000001111111110000000011111111100000000011111111100000000011111111100000000111111111000000001
1111111110000000001111111110000000011111111100000000011111111100000000011111111100000000111111111000000000
1111111110000000001111111110000000011111111100000000011111111100000000011111111100000000111111111000000000
1111111110000000001111111110000000011111111100000000011111111100000000011111111100000000111111111000000001
1111111110000000001111111110000000011111111100000000011111111100000000011111111100000000111111111000000001
1111111110000000001111111110000000011111111100000000011111111100000000011111111100000000111111111000000000
----- 039.pbm -----
P1
106 17
0000000000011111111110000000000011111111110000000000011111111111000000000011111111111000000000011111111111
0000000000011111111110000000000011111111110000000000011111111111000000000011111111111000000000011111111111
0000000000011111111110000000000011111111110000000000011111111111000000000011111111111000000000011111111111
0000000000011111111110000000000011111111110000000000011111111111000000000011111111111000000000011111111111
0000000000011111111110000000000011111111110000000000011111111111000000000011111111111000000000011111111111
0000000000011111111110000000000011111111110000000000011111111111000000000011111111111000000000011111111111
0000000000011111111110000000000011111111110000000000011111111111000000000011111111111000000000011111111111
0000000000011111111110000000000011111111110000000000011111111111000000000011111111111000000000011111111111
0000000000000000000000000000000000000000000000000000000000000000000000000000000000000000000000000000000000
1111111110000000001111111110000000011111111100000000011111111100000000011111111100000000111111111000000000
1111111110000000001111111110000000011111111100000000011111111100000000011111111100000000111111111000000000
1111111110000000001111111110000000011111111100000000011111111100000000011111111100000000111111111000000001
1111111110000000001111111110000000011111111100000000011111111100000000011111111100000000111111111000000000
1111111110000000001111111110000000011111111100000000011111111100000000011111111100000000111111111000000000
1111111110000000001111111110000000011111111100000000011111111100000000011111111100000000111111111000000001
1111111110000000001111111110000000011111111100000000011111111100000000011111111100000000111111111000000001
1111111110000000001111111110000000011111111100000000011111111100000000011111111100000000111111111000000001
----- 040.pbm -----
P1
106 17
0000000000011111111110000000000011111111110000000000011111111111000000000011111111111000000000011111111111
0000000000011111111110000000000011111111110000000000011111111111000000000011111111111000000000011111111111
0000000000011111111110000000000011111111110000000000011111111111000000000011111111111000000000011111111111
0000000000011111111110000000000011111111110000000000011111111111000000000011111111111000000000011111111111
0000000000011111111110000000000011111111110000000000011111111111000000000011111111111000000000011111111111
0000000000011111111110000000000011111111110000000000011111111111000000000011111111111000000000011111111111
0000000000011111111110000000000011111111110000000000011111111111000000000011111111111000000000011111111111
0000000000011111111110000000000011111111110000000000011111111111000000000011111111111000000000011111111111
0000000000000000000000000000000000000000000000000000000000000000000000000000000000000000000000000000000000
1111111110000000001111111110000000011111111100000000011111111100000000011111111100000000111111111000000000
1111111110000000001111111110000000011111111100000000011111111100000000011111111100000000111111111000000000
1111111110000000001111111110000000011111111100000000011111111100000000011111111100000000111111111000000001
1111111110000000001111111110000000011111111100000000011111111100000000011111111100000000111111111000000000
1111111110000000001111111110000000011111111100000000011111111100000000011111111100000000111111111000000001
1111111110000000001111111110000000011111111100000000011111111100000000011111111100000000111111111000000000
1111111110000000001111111110000000011111111100000000011111111100000000011111111100000000111111111000000000
1111111110000000001111111110000000011111111100000000011111111100000000011111111100000000111111111000000000
----- 041.pbm -----
P1
106 17
0000000000011111111110000000000011111111110000000000011111111111000000000011111111111000000000011111111111
0000000000011111111110000000000011111111110000000000011111111111000000000011111111111000000000011111111111
0000000000011111111110000000000011111111110000000000011111111111000000000011111111111000000000011111111111
0000000000011111111110000000000011111111110000000000011111111111000000000011111111111000000000011111111111
0000000000011111111110000000000011111111110000000000011111111111000000000011111111111000000000011111111111
0000000000011111111110000000000011111111110000000000011111111111000000000011111111111000000000011111111111
0000000000011111111110000000000011111111110000000000011111111111000000000011111111111000000000011111111111
0000000000011111111110000000000011111111110000000000011111111111000000000011111111111000000000011111111111
0000000000000000000000000000000000000000000000000000000000000000000000000000000000000000000000000000000000
1111111110000000001111111110000000011111111100000000011111111100000000011111111100000000111111111000000000
1111111110000000001111111110000000011111111100000000011111111100000000011111111100000000111111111000000000
1111111110000000001111111110000000011111111100000000011111111100000000011111111100000000111111111000000001
1111111110000000001111111110000000011111111100000000011111111100000000011111111100000000111111111000000000
1111111110000000001111111110000000011111111100000000011111111100000000011111111100000000111111111000000001
1111111110000000001111111110000000011111111100000000011111111100000000011111111100000000111111111000000000
1111111110000000001111111110000000011111111100000000011111111100000000011111111100000000111111111000000000
1111111110000000001111111110000000011111111100000000011111111100000000011111111100000000111111111000000001
----- 042.pbm -----
P1
106 17
0000000000011111111110000000000011111111110000000000011111111111000000000011111111111000000000011111111111
0000000000011111111110000000000011111111110000000000011111111111000000000011111111111000000000011111111111
0000000000011111111110000000000011111111110000000000011111111111000000000011111111111000000000011111111111
0000000000011111111110000000000011111111110000000000011111111111000000000011111111111000000000011111111111
0000000000011111111110000000000011111111110000000000011111111111000000000011111111111000000000011111111111
0000000000011111111110000000000011111111110000000000011111111111000000000011111111111000000000011111111111
0000000000011111111110000000000011111111110000000000011111111111000000000011111111111000000000011111111111
0000000000011111111110000000000011111111110000000000011111111111000000000011111111111000000000011111111111
0000000000000000000000000000000000000000000000000000000000000000000000000000000000000000000000000000000000
1111111110000000001111111110000000011111111100000000011111111100000000011111111100000000111111111000000000
1111111110000000001111111110000000011111111100000000011111111100000000011111111100000000111111111000000000
1111111110000000001111111110000000011111111100000000011111111100000000011111111100000000111111111000000001
1111111110000000001111111110000000011111111100000000011111111100000000011111111100000000111111111000000000
1111111110000000001111111110000000011111111100000000011111111100000000011111111100000000111111111000000001
1111111110000000001111111110000000011111111100000000011111111100000000011111111100000000111111111000000000
1111111110000000001111111110000000011111111100000000011111111100000000011111111100000000111111111000000001
1111111110000000001111111110000000011111111100000000011111111100000000011111111100000000111111111000000000
----- 043.pbm -----
P1
106 17
0000000000011111111110000000000011111111110000000000011111111111000000000011111111111000000000011111111111
0000000000011111111110000000000011111111110000000000011111111111000000000011111111111000000000011111111111
0000000000011111111110000000000011111111110000000000011111111111000000000011111111111000000000011111111111
0000000000011111111110000000000011111111110000000000011111111111000000000011111111111000000000011111111111
0000000000011111111110000000000011111111110000000000011111111111000000000011111111111000000000011111111111
0000000000011111111110000000000011111111110000000000011111111111000000000011111111111000000000011111111111
0000000000011111111110000000000011111111110000000000011111111111000000000011111111111000000000011111111111
0000000000011111111110000000000011111111110000000000011111111111000000000011111111111000000000011111111111
0000000000000000000000000000000000000000000000000000000000000000000000000000000000000000000000000000000000
1111111110000000001111111110000000011111111100000000011111111100000000011111111100000000111111111000000000
1111111110000000001111111110000000011111111100000000011111111100000000011111111100000000111111111000000000
1111111110000000001111111110000000011111111100000000011111111100000000011111111100000000111111111000000001
1111111110000000001111111110000000011111111100000000011111111100000000011111111100000000111111111000000000
1111111110000000001111111110000000011111111100000000011111111100000000011111111100000000111111111000000001
1111111110000000001111111110000000011111111100000000011111111100000000011111111100000000111111111000000000
1111111110000000001111111110000000011111111100000000011111111100000000011111111100000000111111111000000001
1111111110000000001111111110000000011111111100000000011111111100000000011111111100000000111111111000000001
----- 044.pbm -----
P1
106 17
0000000000011111111110000000000011111111110000000000011111111111000000000011111111111000000000011111111111
0000000000011111111110000000000011111111110000000000011111111111000000000011111111111000000000011111111111
0000000000011111111110000000000011111111110000000000011111111111000000000011111111111000000000011111111111
0000000000011111111110000000000011111111110000000000011111111111000000000011111111111000000000011111111111
0000000000011111111110000000000011111111110000000000011111111111000000000011111111111000000000011111111111
0000000000011111111110000000000011111111110000000000011111111111000000000011111111111000000000011111111111
0000000000011111111110000000000011111111110000000000011111111111000000000011111111111000000000011111111111
0000000000011111111110000000000011111111110000000000011111111111000000000011111111111000000000011111111111
0000000000000000000000000000000000000000000000000000000000000000000000000000000000000000000000000000000000
1111111110000000001111111110000000011111111100000000011111111100000000011111111100000000111111111000000000
1111111110000000001111111110000000011111111100000000011111111100000000011111111100000000111111111000000000
1111111110000000001111111110000000011111111100000000011111111100000000011111111100000000111111111000000001
1111111110000000001111111110000000011111111100000000011111111100000000011111111100000000111111111000000000
1111111110000000001111111110000000011111111100000000011111111100000000011111111100000000111111111000000001
1111111110000000001111111110000000011111111100000000011111111100000000011111111100000000111111111000000001
1111111110000000001111111110000000011111111100000000011111111100000000011111111100000000111111111000000000
1111111110000000001111111110000000011111111100000000011111111100000000011111111100000000111111111000000000
----- 045.pbm -----
P1
106 17
0000000000011111111110000000000011111111110000000000011111111111000000000011111111111000000000011111111111
0000000000011111111110000000000011111111110000000000011111111111000000000011111111111000000000011111111111
0000000000011111111110000000000011111111110000000000011111111111000000000011111111111000000000011111111111
0000000000011111111110000000000011111111110000000000011111111111000000000011111111111000000000011111111111
0000000000011111111110000000000011111111110000000000011111111111000000000011111111111000000000011111111111
0000000000011111111110000000000011111111110000000000011111111111000000000011111111111000000000011111111111
0000000000011111111110000000000011111111110000000000011111111111000000000011111111111000000000011111111111
0000000000011111111110000000000011111111110000000000011111111111000000000011111111111000000000011111111111
0000000000000000000000000000000000000000000000000000000000000000000000000000000000000000000000000000000000
1111111110000000001111111110000000011111111100000000011111111100000000011111111100000000111111111000000000
1111111110000000001111111110000000011111111100000000011111111100000000011111111100000000111111111000000000
1111111110000000001111111110000000011111111100000000011111111100000000011111111100000000111111111000000001
1111111110000000001111111110000000011111111100000000011111111100000000011111111100000000111111111000000000
1111111110000000001111111110000000011111111100000000011111111100000000011111111100000000111111111000000001
1111111110000000001111111110000000011111111100000000011111111100000000011111111100000000111111111000000001
1111111110000000001111111110000000011111111100000000011111111100000000011111111100000000111111111000000000
1111111110000000001111111110000000011111111100000000011111111100000000011111111100000000111111111000000001
----- 046.pbm -----
P1
106 17
0000000000011111111110000000000011111111110000000000011111111111000000000011111111111000000000011111111111
0000000000011111111110000000000011111111110000000000011111111111000000000011111111111000000000011111111111
0000000000011111111110000000000011111111110000000000011111111111000000000011111111111000000000011111111111
0000000000011111111110000000000011111111110000000000011111111111000000000011111111111000000000011111111111
0000000000011111111110000000000011111111110000000000011111111111000000000011111111111000000000011111111111
0000000000011111111110000000000011111111110000000000011111111111000000000011111111111000000000011111111111
0000000000011111111110000000000011111111110000000000011111111111000000000011111111111000000000011111111111
0000000000011111111110000000000011111111110000000000011111111111000000000011111111111000000000011111111111
0000000000000000000000000000000000000000000000000000000000000000000000000000000000000000000000000000000000
1111111110000000001111111110000000011111111100000000011111111100000000011111111100000000111111111000000000
1111111110000000001111111110000000011111111100000000011111111100000000011111111100000000111111111000000000
1111111110000000001111111110000000011111111100000000011111111100000000011111111100000000111111111000000001
1111111110000000001111111110000000011111111100000000011111111100000000011111111100000000111111111000000000
1111111110000000001111111110000000011111111100000000011111111100000000011111111100000000111111111000000001
1111111110000000001111111110000000011111111100000000011111111100000000011111111100000000111111111000000001
1111111110000000001111111110000000011111111100000000011111111100000000011111111100000000111111111000000001
1111111110000000001111111110000000011111111100000000011111111100000000011111111100000000111111111000000000
----- 047.pbm -----
P1
106 17
0000000000011111111110000000000011111111110000000000011111111111000000000011111111111000000000011111111111
0000000000011111111110000000000011111111110000000000011111111111000000000011111111111000000000011111111111
0000000000011111111110000000000011111111110000000000011111111111000000000011111111111000000000011111111111
0000000000011111111110000000000011111111110000000000011111111111000000000011111111111000000000011111111111
0000000000011111111110000000000011111111110000000000011111111111000000000011111111111000000000011111111111
0000000000011111111110000000000011111111110000000000011111111111000000000011111111111000000000011111111111
0000000000011111111110000000000011111111110000000000011111111111000000000011111111111000000000011111111111
0000000000011111111110000000000011111111110000000000011111111111000000000011111111111000000000011111111111
0000000000000000000000000000000000000000000000000000000000000000000000000000000000000000000000000000000000
1111111110000000001111111110000000011111111100000000011111111100000000011111111100000000111111111000000000
1111111110000000001111111110000000011111111100000000011111111100000000011111111100000000111111111000000000
1111111110000000001111111110000000011111111100000000011111111100000000011111111100000000111111111000000001
1111111110000000001111111110000000011111111100000000011111111100000000011111111100000000111111111000000000
1111111110000000001111111110000000011111111100000000011111111100000000011111111100000000111111111000000001
1111111110000000001111111110000000011111111100000000011111111100000000011111111100000000111111111000000001
1111111110000000001111111110000000011111111100000000011111111100000000011111111100000000111111111000000001
1111111110000000001111111110000000011111111100000000011111111100000000011111111100000000111111111000000001
----- 048_0.pbm -----
P1
106 17
0000000000011111111110000000000011111111110000000000011111111111000000000011111111111000000000011111111111
0000000000011111111110000000000011111111110000000000011111111111000000000011111111111000000000011111111111
0000000000011111111110000000000011111111110000000000011111111111000000000011111111111000000000011111111111
0000000000011111111110000000000011111111110000000000011111111111000000000011111111111000000000011111111111
0000000000011111111110000000000011111111110000000000011111111111000000000011111111111000000000011111111111
0000000000011111111110000000000011111111110000000000011111111111000000000011111111111000000000011111111111
0000000000011111111110000000000011111111110000000000011111111111000000000011111111111000000000011111111111
0000000000011111111110000000000011111111110000000000011111111111000000000011111111111000000000011111111111
0000000000000000000000000000000000000000000000000000000000000000000000000000000000000000000000000000000000
1111111110000000001111111110000000011111111100000000011111111100000000011111111100000000111111111000000000
1111111110000000001111111110000000011111111100000000011111111100000000011111111100000000111111111000000000
1111111110000000001111111110000000011111111100000000011111111100000000011111111100000000111111111000000001
1111111110000000001111111110000000011111111100000000011111111100000000011111111100000000111111111000000001
1111111110000000001111111110000000011111111100000000011111111100000000011111111100000000111111111000000000
1111111110000000001111111110000000011111111100000000011111111100000000011111111100000000111111111000000000
1111111110000000001111111110000000011111111100000000011111111100000000011111111100000000111111111000000000
1111111110000000001111111110000000011111111100000000011111111100000000011111111100000000111111111000000000
----- 049_1.pbm -----
P1
106 17
0000000000011111111110000000000011111111110000000000011111111111000000000011111111111000000000011111111111
0000000000011111111110000000000011111111110000000000011111111111000000000011111111111000000000011111111111
0000000000011111111110000000000011111111110000000000011111111111000000000011111111111000000000011111111111
0000000000011111111110000000000011111111110000000000011111111111000000000011111111111000000000011111111111
0000000000011111111110000000000011111111110000000000011111111111000000000011111111111000000000011111111111
0000000000011111111110000000000011111111110000000000011111111111000000000011111111111000000000011111111111
0000000000011111111110000000000011111111110000000000011111111111000000000011111111111000000000011111111111
0000000000011111111110000000000011111111110000000000011111111111000000000011111111111000000000011111111111
0000000000000000000000000000000000000000000000000000000000000000000000000000000000000000000000000000000000
1111111110000000001111111110000000011111111100000000011111111100000000011111111100000000111111111000000000
1111111110000000001111111110000000011111111100000000011111111100000000011111111100000000111111111000000000
1111111110000000001111111110000000011111111100000000011111111100000000011111111100000000111111111000000001
1111111110000000001111111110000000011111111100000000011111111100000000011111111100000000111111111000000001
1111111110000000001111111110000000011111111100000000011111111100000000011111111100000000111111111000000000
1111111110000000001111111110000000011111111100000000011111111100000000011111111100000000111111111000000000
1111111110000000001111111110000000011111111100000000011111111100000000011111111100000000111111111000000000
1111111110000000001111111110000000011111111100000000011111111100000000011111111100000000111111111000000001
----- 050_2.pbm -----
P1
106 17
0000000000011111111110000000000011111111110000000000011111111111000000000011111111111000000000011111111111
0000000000011111111110000000000011111111110000000000011111111111000000000011111111111000000000011111111111
0000000000011111111110000000000011111111110000000000011111111111000000000011111111111000000000011111111111
0000000000011111111110000000000011111111110000000000011111111111000000000011111111111000000000011111111111
0000000000011111111110000000000011111111110000000000011111111111000000000011111111111000000000011111111111
0000000000011111111110000000000011111111110000000000011111111111000000000011111111111000000000011111111111
0000000000011111111110000000000011111111110000000000011111111111000000000011111111111000000000011111111111
0000000000011111111110000000000011111111110000000000011111111111000000000011111111111000000000011111111111
0000000000000000000000000000000000000000000000000000000000000000000000000000000000000000000000000000000000
1111111110000000001111111110000000011111111100000000011111111100000000011111111100000000111111111000000000
1111111110000000001111111110000000011111111100000000011111111100000000011111111100000000111111111000000000
1111111110000000001111111110000000011111111100000000011111111100000000011111111100000000111111111000000001
1111111110000000001111111110000000011111111100000000011111111100000000011111111100000000111111111000000001
1111111110000000001111111110000000011111111100000000011111111100000000011111111100000000111111111000000000
1111111110000000001111111110000000011111111100000000011111111100000000011111111100000000111111111000000000
1111111110000000001111111110000000011111111100000000011111111100000000011111111100000000111111111000000001
1111111110000000001111111110000000011111111100000000011111111100000000011111111100000000111111111000000000
----- 051_3.pbm -----
P1
106 17
0000000000011111111110000000000011111111110000000000011111111111000000000011111111111000000000011111111111
0000000000011111111110000000000011111111110000000000011111111111000000000011111111111000000000011111111111
0000000000011111111110000000000011111111110000000000011111111111000000000011111111111000000000011111111111
0000000000011111111110000000000011111111110000000000011111111111000000000011111111111000000000011111111111
0000000000011111111110000000000011111111110000000000011111111111000000000011111111111000000000011111111111
0000000000011111111110000000000011111111110000000000011111111111000000000011111111111000000000011111111111
0000000000011111111110000000000011111111110000000000011111111111000000000011111111111000000000011111111111
0000000000011111111110000000000011111111110000000000011111111111000000000011111111111000000000011111111111
0000000000000000000000000000000000000000000000000000000000000000000000000000000000000000000000000000000000
1111111110000000001111111110000000011111111100000000011111111100000000011111111100000000111111111000000000
1111111110000000001111111110000000011111111100000000011111111100000000011111111100000000111111111000000000
1111111110000000001111111110000000011111111100000000011111111100000000011111111100000000111111111000000001
1111111110000000001111111110000000011111111100000000011111111100000000011111111100000000111111111000000001
1111111110000000001111111110000000011111111100000000011111111100000000011111111100000000111111111000000000
1111111110000000001111111110000000011111111100000000011111111100000000011111111100000000111111111000000000
1111111110000000001111111110000000011111111100000000011111111100000000011111111100000000111111111000000001
1111111110000000001111111110000000011111111100000000011111111100000000011111111100000000111111111000000001
----- 052_4.pbm -----
P1
106 17
0000000000011111111110000000000011111111110000000000011111111111000000000011111111111000000000011111111111
0000000000011111111110000000000011111111110000000000011111111111000000000011111111111000000000011111111111
0000000000011111111110000000000011111111110000000000011111111111000000000011111111111000000000011111111111
0000000000011111111110000000000011111111110000000000011111111111000000000011111111111000000000011111111111
0000000000011111111110000000000011111111110000000000011111111111000000000011111111111000000000011111111111
0000000000011111111110000000000011111111110000000000011111111111000000000011111111111000000000011111111111
0000000000011111111110000000000011111111110000000000011111111111000000000011111111111000000000011111111111
0000000000011111111110000000000011111111110000000000011111111111000000000011111111111000000000011111111111
0000000000000000000000000000000000000000000000000000000000000000000000000000000000000000000000000000000000
1111111110000000001111111110000000011111111100000000011111111100000000011111111100000000111111111000000000
1111111110000000001111111110000000011111111100000000011111111100000000011111111100000000111111111000000000
1111111110000000001111111110000000011111111100000000011111111100000000011111111100000000111111111000000001
1111111110000000001111111110000000011111111100000000011111111100000000011111111100000000111111111000000001
1111111110000000001111111110000000011111111100000000011111111100000000011111111100000000111111111000000000
1111111110000000001111111110000000011111111100000000011111111100000000011111111100000000111111111000000001
1111111110000000001111111110000000011111111100000000011111111100000000011111111100000000111111111000000000
1111111110000000001111111110000000011111111100000000011111111100000000011111111100000000111111111000000000
----- 053_5.pbm -----
P1
106 17
0000000000011111111110000000000011111111110000000000011111111111000000000011111111111000000000011111111111
0000000000011111111110000000000011111111110000000000011111111111000000000011111111111000000000011111111111
0000000000011111111110000000000011111111110000000000011111111111000000000011111111111000000000011111111111
0000000000011111111110000000000011111111110000000000011111111111000000000011111111111000000000011111111111
0000000000011111111110000000000011111111110000000000011111111111000000000011111111111000000000011111111111
0000000000011111111110000000000011111111110000000000011111111111000000000011111111111000000000011111111111
0000000000011111111110000000000011111111110000000000011111111111000000000011111111111000000000011111111111
0000000000011111111110000000000011111111110000000000011111111111000000000011111111111000000000011111111111
0000000000000000000000000000000000000000000000000000000000000000000000000000000000000000000000000000000000
1111111110000000001111111110000000011111111100000000011111111100000000011111111100000000111111111000000000
1111111110000000001111111110000000011111111100000000011111111100000000011111111100000000111111111000000000
1111111110000000001111111110000000011111111100000000011111111100000000011111111100000000111111111000000001
1111111110000000001111111110000000011111111100000000011111111100000000011111111100000000111111111000000001
1111111110000000001111111110000000011111111100000000011111111100000000011111111100000000111111111000000000
1111111110000000001111111110000000011111111100000000011111111100000000011111111100000000111111111000000001
1111111110000000001111111110000000011111111100000000011111111100000000011111111100000000111111111000000000
1111111110000000001111111110000000011111111100000000011111111100000000011111111100000000111111111000000001
----- 054_6.pbm -----
P1
106 17
0000000000011111111110000000000011111111110000000000011111111111000000000011111111111000000000011111111111
0000000000011111111110000000000011111111110000000000011111111111000000000011111111111000000000011111111111
0000000000011111111110000000000011111111110000000000011111111111000000000011111111111000000000011111111111
0000000000011111111110000000000011111111110000000000011111111111000000000011111111111000000000011111111111
0000000000011111111110000000000011111111110000000000011111111111000000000011111111111000000000011111111111
0000000000011111111110000000000011111111110000000000011111111111000000000011111111111000000000011111111111
0000000000011111111110000000000011111111110000000000011111111111000000000011111111111000000000011111111111
0000000000011111111110000000000011111111110000000000011111111111000000000011111111111000000000011111111111
0000000000000000000000000000000000000000000000000000000000000000000000000000000000000000000000000000000000
1111111110000000001111111110000000011111111100000000011111111100000000011111111100000000111111111000000000
1111111110000000001111111110000000011111111100000000011111111100000000011111111100000000111111111000000000
1111111110000000001111111110000000011111111100000000011111111100000000011111111100000000111111111000000001
1111111110000000001111111110000000011111111100000000011111111100000000011111111100000000111111111000000001
1111111110000000001111111110000000011111111100000000011111111100000000011111111100000000111111111000000000
1111111110000000001111111110000000011111111100000000011111111100000000011111111100000000111111111000000001
1111111110000000001111111110000000011111111100000000011111111100000000011111111100000000111111111000000001
1111111110000000001111111110000000011111111100000000011111111100000000011111111100000000111111111000000000
----- 055_7.pbm -----
P1
106 17
0000000000011111111110000000000011111111110000000000011111111111000000000011111111111000000000011111111111
0000000000011111111110000000000011111111110000000000011111111111000000000011111111111000000000011111111111
0000000000011111111110000000000011111111110000000000011111111111000000000011111111111000000000011111111111
0000000000011111111110000000000011111111110000000000011111111111000000000011111111111000000000011111111111
0000000000011111111110000000000011111111110000000000011111111111000000000011111111111000000000011111111111
0000000000011111111110000000000011111111110000000000011111111111000000000011111111111000000000011111111111
0000000000011111111110000000000011111111110000000000011111111111000000000011111111111000000000011111111111
0000000000011111111110000000000011111111110000000000011111111111000000000011111111111000000000011111111111
0000000000000000000000000000000000000000000000000000000000000000000000000000000000000000000000000000000000
1111111110000000001111111110000000011111111100000000011111111100000000011111111100000000111111111000000000
1111111110000000001111111110000000011111111100000000011111111100000000011111111100000000111111111000000000
1111111110000000001111111110000000011111111100000000011111111100000000011111111100000000111111111000000001
1111111110000000001111111110000000011111111100000000011111111100000000011111111100000000111111111000000001
1111111110000000001111111110000000011111111100000000011111111100000000011111111100000000111111111000000000
1111111110000000001111111110000000011111111100000000011111111100000000011111111100000000111111111000000001
1111111110000000001111111110000000011111111100000000011111111100000000011111111100000000111111111000000001
1111111110000000001111111110000000011111111100000000011111111100000000011111111100000000111111111000000001
----- 056_8.pbm -----
P1
106 17
0000000000011111111110000000000011111111110000000000011111111111000000000011111111111000000000011111111111
0000000000011111111110000000000011111111110000000000011111111111000000000011111111111000000000011111111111
0000000000011111111110000000000011111111110000000000011111111111000000000011111111111000000000011111111111
0000000000011111111110000000000011111111110000000000011111111111000000000011111111111000000000011111111111
0000000000011111111110000000000011111111110000000000011111111111000000000011111111111000000000011111111111
0000000000011111111110000000000011111111110000000000011111111111000000000011111111111000000000011111111111
0000000000011111111110000000000011111111110000000000011111111111000000000011111111111000000000011111111111
0000000000011111111110000000000011111111110000000000011111111111000000000011111111111000000000011111111111
0000000000000000000000000000000000000000000000000000000000000000000000000000000000000000000000000000000000
1111111110000000001111111110000000011111111100000000011111111100000000011111111100000000111111111000000000
1111111110000000001111111110000000011111111100000000011111111100000000011111111100000000111111111000000000
1111111110000000001111111110000000011111111100000000011111111100000000011111111100000000111111111000000001
1111111110000000001111111110000000011111111100000000011111111100000000011111111100000000111111111000000001
1111111110000000001111111110000000011111111100000000011111111100000000011111111100000000111111111000000001
1111111110000000001111111110000000011111111100000000011111111100000000011111111100000000111111111000000000
1111111110000000001111111110000000011111111100000000011111111100000000011111111100000000111111111000000000
1111111110000000001111111110000000011111111100000000011111111100000000011111111100000000111111111000000000
----- 057_9.pbm -----
P1
106 17
0000000000011111111110000000000011111111110000000000011111111111000000000011111111111000000000011111111111
0000000000011111111110000000000011111111110000000000011111111111000000000011111111111000000000011111111111
0000000000011111111110000000000011111111110000000000011111111111000000000011111111111000000000011111111111
0000000000011111111110000000000011111111110000000000011111111111000000000011111111111000000000011111111111
0000000000011111111110000000000011111111110000000000011111111111000000000011111111111000000000011111111111
0000000000011111111110000000000011111111110000000000011111111111000000000011111111111000000000011111111111
0000000000011111111110000000000011111111110000000000011111111111000000000011111111111000000000011111111111
0000000000011111111110000000000011111111110000000000011111111111000000000011111111111000000000011111111111
0000000000000000000000000000000000000000000000000000000000000000000000000000000000000000000000000000000000
1111111110000000001111111110000000011111111100000000011111111100000000011111111100000000111111111000000000
1111111110000000001111111110000000011111111100000000011111111100000000011111111100000000111111111000000000
1111111110000000001111111110000000011111111100000000011111111100000000011111111100000000111111111000000001
1111111110000000001111111110000000011111111100000000011111111100000000011111111100000000111111111000000001
1111111110000000001111111110000000011111111100000000011111111100000000011111111100000000111111111000000001
1111111110000000001111111110000000011111111100000000011111111100000000011111111100000000111111111000000000
1111111110000000001111111110000000011111111100000000011111111100000000011111111100000000111111111000000000
1111111110000000001111111110000000011111111100000000011111111100000000011111111100000000111111111000000001
----- 058.pbm -----
P1
106 17
0000000000011111111110000000000011111111110000000000011111111111000000000011111111111000000000011111111111
0000000000011111111110000000000011111111110000000000011111111111000000000011111111111000000000011111111111
0000000000011111111110000000000011111111110000000000011111111111000000000011111111111000000000011111111111
0000000000011111111110000000000011111111110000000000011111111111000000000011111111111000000000011111111111
0000000000011111111110000000000011111111110000000000011111111111000000000011111111111000000000011111111111
0000000000011111111110000000000011111111110000000000011111111111000000000011111111111000000000011111111111
0000000000011111111110000000000011111111110000000000011111111111000000000011111111111000000000011111111111
0000000000011111111110000000000011111111110000000000011111111111000000000011111111111000000000011111111111
0000000000000000000000000000000000000000000000000000000000000000000000000000000000000000000000000000000000
1111111110000000001111111110000000011111111100000000011111111100000000011111111100000000111111111000000000
1111111110000000001111111110000000011111111100000000011111111100000000011111111100000000111111111000000000
1111111110000000001111111110000000011111111100000000011111111100000000011111111100000000111111111000000001
1111111110000000001111111110000000011111111100000000011111111100000000011111111100000000111111111000000001
1111111110000000001111111110000000011111111100000000011111111100000000011111111100000000111111111000000001
1111111110000000001111111110000000011111111100000000011111111100000000011111111100000000111111111000000000
1111111110000000001111111110000000011111111100000000011111111100000000011111111100000000111111111000000001
1111111110000000001111111110000000011111111100000000011111111100000000011111111100000000111111111000000000
----- 059.pbm -----
P1
106 17
0000000000011111111110000000000011111111110000000000011111111111000000000011111111111000000000011111111111
0000000000011111111110000000000011111111110000000000011111111111000000000011111111111000000000011111111111
0000000000011111111110000000000011111111110000000000011111111111000000000011111111111000000000011111111111
0000000000011111111110000000000011111111110000000000011111111111000000000011111111111000000000011111111111
0000000000011111111110000000000011111111110000000000011111111111000000000011111111111000000000011111111111
0000000000011111111110000000000011111111110000000000011111111111000000000011111111111000000000011111111111
0000000000011111111110000000000011111111110000000000011111111111000000000011111111111000000000011111111111
0000000000011111111110000000000011111111110000000000011111111111000000000011111111111000000000011111111111
0000000000000000000000000000000000000000000000000000000000000000000000000000000000000000000000000000000000
1111111110000000001111111110000000011111111100000000011111111100000000011111111100000000111111111000000000
1111111110000000001111111110000000011111111100000000011111111100000000011111111100000000111111111000000000
1111111110000000001111111110000000011111111100000000011111111100000000011111111100000000111111111000000001
1111111110000000001111111110000000011111111100000000011111111100000000011111111100000000111111111000000001
1111111110000000001111111110000000011111111100000000011111111100000000011111111100000000111111111000000001
1111111110000000001111111110000000011111111100000000011111111100000000011111111100000000111111111000000000
1111111110000000001111111110000000011111111100000000011111111100000000011111111100000000111111111000000001
1111111110000000001111111110000000011111111100000000011111111100000000011111111100000000111111111000000001
----- 060.pbm -----
P1
106 17
0000000000011111111110000000000011111111110000000000011111111111000000000011111111111000000000011111111111
0000000000011111111110000000000011111111110000000000011111111111000000000011111111111000000000011111111111
0000000000011111111110000000000011111111110000000000011111111111000000000011111111111000000000011111111111
0000000000011111111110000000000011111111110000000000011111111111000000000011111111111000000000011111111111
0000000000011111111110000000000011111111110000000000011111111111000000000011111111111000000000011111111111
0000000000011111111110000000000011111111110000000000011111111111000000000011111111111000000000011111111111
0000000000011111111110000000000011111111110000000000011111111111000000000011111111111000000000011111111111
0000000000011111111110000000000011111111110000000000011111111111000000000011111111111000000000011111111111
0000000000000000000000000000000000000000000000000000000000000000000000000000000000000000000000000000000000
1111111110000000001111111110000000011111111100000000011111111100000000011111111100000000111111111000000000
1111111110000000001111111110000000011111111100000000011111111100000000011111111100000000111111111000000000
1111111110000000001111111110000000011111111100000000011111111100000000011111111100000000111111111000000001
1111111110000000001111111110000000011111111100000000011111111100000000011111111100000000111111111000000001
1111111110000000001111111110000000011111111100000000011111111100000000011111111100000000111111111000000001
1111111110000000001111111110000000011111111100000000011111111100000000011111111100000000111111111000000001
1111111110000000001111111110000000011111111100000000011111111100000000011111111100000000111111111000000000
1111111110000000001111111110000000011111111100000000011111111100000000011111111100000000111111111000000000
----- 061.pbm -----
P1
106 17
0000000000011111111110000000000011111111110000000000011111111111000000000011111111111000000000011111111111
0000000000011111111110000000000011111111110000000000011111111111000000000011111111111000000000011111111111
0000000000011111111110000000000011111111110000000000011111111111000000000011111111111000000000011111111111
0000000000011111111110000000000011111111110000000000011111111111000000000011111111111000000000011111111111
0000000000011111111110000000000011111111110000000000011111111111000000000011111111111000000000011111111111
0000000000011111111110000000000011111111110000000000011111111111000000000011111111111000000000011111111111
0000000000011111111110000000000011111111110000000000011111111111000000000011111111111000000000011111111111
0000000000011111111110000000000011111111110000000000011111111111000000000011111111111000000000011111111111
0000000000000000000000000000000000000000000000000000000000000000000000000000000000000000000000000000000000
1111111110000000001111111110000000011111111100000000011111111100000000011111111100000000111111111000000000
1111111110000000001111111110000000011111111100000000011111111100000000011111111100000000111111111000000000
1111111110000000001111111110000000011111111100000000011111111100000000011111111100000000111111111000000001
1111111110000000001111111110000000011111111100000000011111111100000000011111111100000000111111111000000001
1111111110000000001111111110000000011111111100000000011111111100000000011111111100000000111111111000000001
1111111110000000001111111110000000011111111100000000011111111100000000011111111100000000111111111000000001
1111111110000000001111111110000000011111111100000000011111111100000000011111111100000000111111111000000000
1111111110000000001111111110000000011111111100000000011111111100000000011111111100000000111111111000000001
----- 062.pbm -----
P1
106 17
0000000000011111111110000000000011111111110000000000011111111111000000000011111111111000000000011111111111
0000000000011111111110000000000011111111110000000000011111111111000000000011111111111000000000011111111111
0000000000011111111110000000000011111111110000000000011111111111000000000011111111111000000000011111111111
0000000000011111111110000000000011111111110000000000011111111111000000000011111111111000000000011111111111
0000000000011111111110000000000011111111110000000000011111111111000000000011111111111000000000011111111111
0000000000011111111110000000000011111111110000000000011111111111000000000011111111111000000000011111111111
0000000000011111111110000000000011111111110000000000011111111111000000000011111111111000000000011111111111
0000000000011111111110000000000011111111110000000000011111111111000000000011111111111000000000011111111111
0000000000000000000000000000000000000000000000000000000000000000000000000000000000000000000000000000000000
1111111110000000001111111110000000011111111100000000011111111100000000011111111100000000111111111000000000
1111111110000000001111111110000000011111111100000000011111111100000000011111111100000000111111111000000000
1111111110000000001111111110000000011111111100000000011111111100000000011111111100000000111111111000000001
1111111110000000001111111110000000011111111100000000011111111100000000011111111100000000111111111000000001
1111111110000000001111111110000000011111111100000000011111111100000000011111111100000000111111111000000001
1111111110000000001111111110000000011111111100000000011111111100000000011111111100000000111111111000000001
1111111110000000001111111110000000011111111100000000011111111100000000011111111100000000111111111000000001
1111111110000000001111111110000000011111111100000000011111111100000000011111111100000000111111111000000000
----- 063.pbm -----
P1
106 17
0000000000011111111110000000000011111111110000000000011111111111000000000011111111111000000000011111111111
0000000000011111111110000000000011111111110000000000011111111111000000000011111111111000000000011111111111
0000000000011111111110000000000011111111110000000000011111111111000000000011111111111000000000011111111111
0000000000011111111110000000000011111111110000000000011111111111000000000011111111111000000000011111111111
0000000000011111111110000000000011111111110000000000011111111111000000000011111111111000000000011111111111
0000000000011111111110000000000011111111110000000000011111111111000000000011111111111000000000011111111111
0000000000011111111110000000000011111111110000000000011111111111000000000011111111111000000000011111111111
0000000000011111111110000000000011111111110000000000011111111111000000000011111111111000000000011111111111
0000000000000000000000000000000000000000000000000000000000000000000000000000000000000000000000000000000000
1111111110000000001111111110000000011111111100000000011111111100000000011111111100000000111111111000000000
1111111110000000001111111110000000011111111100000000011111111100000000011111111100000000111111111000000000
1111111110000000001111111110000000011111111100000000011111111100000000011111111100000000111111111000000001
1111111110000000001111111110000000011111111100000000011111111100000000011111111100000000111111111000000001
1111111110000000001111111110000000011111111100000000011111111100000000011111111100000000111111111000000001
1111111110000000001111111110000000011111111100000000011111111100000000011111111100000000111111111000000001
1111111110000000001111111110000000011111111100000000011111111100000000011111111100000000111111111000000001
1111111110000000001111111110000000011111111100000000011111111100000000011111111100000000111111111000000001
----- 064.pbm -----
P1
106 17
0000000000011111111110000000000011111111110000000000011111111111000000000011111111111000000000011111111111
0000000000011111111110000000000011111111110000000000011111111111000000000011111111111000000000011111111111
0000000000011111111110000000000011111111110000000000011111111111000000000011111111111000000000011111111111
0000000000011111111110000000000011111111110000000000011111111111000000000011111111111000000000011111111111
0000000000011111111110000000000011111111110000000000011111111111000000000011111111111000000000011111111111
0000000000011111111110000000000011111111110000000000011111111111000000000011111111111000000000011111111111
0000000000011111111110000000000011111111110000000000011111111111000000000011111111111000000000011111111111
0000000000011111111110000000000011111111110000000000011111111111000000000011111111111000000000011111111111
0000000000000000000000000000000000000000000000000000000000000000000000000000000000000000000000000000000000
1111111110000000001111111110000000011111111100000000011111111100000000011111111100000000111111111000000000
1111111110000000001111111110000000011111111100000000011111111100000000011111111100000000111111111000000001
1111111110000000001111111110000000011111111100000000011111111100000000011111111100000000111111111000000000
1111111110000000001111111110000000011111111100000000011111111100000000011111111100000000111111111000000000
1111111110000000001111111110000000011111111100000000011111111100000000011111111100000000111111111000000000
1111111110000000001111111110000000011111111100000000011111111100000000011111111100000000111111111000000000
1111111110000000001111111110000000011111111100000000011111111100000000011111111100000000111111111000000000
1111111110000000001111111110000000011111111100000000011111111100000000011111111100000000111111111000000000
----- 065_A.pbm -----
P1
106 17
0000000000011111111110000000000011111111110000000000011111111111000000000011111111111000000000011111111111
0000000000011111111110000000000011111111110000000000011111111111000000000011111111111000000000011111111111
0000000000011111111110000000000011111111110000000000011111111111000000000011111111111000000000011111111111
0000000000011111111110000000000011111111110000000000011111111111000000000011111111111000000000011111111111
0000000000011111111110000000000011111111110000000000011111111111000000000011111111111000000000011111111111
0000000000011111111110000000000011111111110000000000011111111111000000000011111111111000000000011111111111
0000000000011111111110000000000011111111110000000000011111111111000000000011111111111000000000011111111111
0000000000011111111110000000000011111111110000000000011111111111000000000011111111111000000000011111111111
0000000000000000000000000000000000000000000000000000000000000000000000000000000000000000000000000000000000
1111111110000000001111111110000000011111111100000000011111111100000000011111111100000000111111111000000000
1111111110000000001111111110000000011111111100000000011111111100000000011111111100000000111111111000000001
1111111110000000001111111110000000011111111100000000011111111100000000011111111100000000111111111000000000
1111111110000000001111111110000000011111111100000000011111111100000000011111111100000000111111111000000000
1111111110000000001111111110000000011111111100000000011111111100000000011111111100000000111111111000000000
1111111110000000001111111110000000011111111100000000011111111100000000011111111100000000111111111000000000
1111111110000000001111111110000000011111111100000000011111111100000000011111111100000000111111111000000000
1111111110000000001111111110000000011111111100000000011111111100000000011111111100000000111111111000000001
----- 066_B.pbm -----
P1
106 17
0000000000011111111110000000000011111111110000000000011111111111000000000011111111111000000000011111111111
0000000000011111111110000000000011111111110000000000011111111111000000000011111111111000000000011111111111
0000000000011111111110000000000011111111110000000000011111111111000000000011111111111000000000011111111111
0000000000011111111110000000000011111111110000000000011111111111000000000011111111111000000000011111111111
0000000000011111111110000000000011111111110000000000011111111111000000000011111111111000000000011111111111
0000000000011111111110000000000011111111110000000000011111111111000000000011111111111000000000011111111111
0000000000011111111110000000000011111111110000000000011111111111000000000011111111111000000000011111111111
0000000000011111111110000000000011111111110000000000011111111111000000000011111111111000000000011111111111
0000000000000000000000000000000000000000000000000000000000000000000000000000000000000000000000000000000000
1111111110000000001111111110000000011111111100000000011111111100000000011111111100000000111111111000000000
1111111110000000001111111110000000011111111100000000011111111100000000011111111100000000111111111000000001
1111111110000000001111111110000000011111111100000000011111111100000000011111111100000000111111111000000000
1111111110000000001111111110000000011111111100000000011111111100000000011111111100000000111111111000000000
1111111110000000001111111110000000011111111100000000011111111100000000011111111100000000111111111000000000
1111111110000000001111111110000000011111111100000000011111111100000000011111111100000000111111111000000000
1111111110000000001111111110000000011111111100000000011111111100000000011111111100000000111111111000000001
1111111110000000001111111110000000011111111100000000011111111100000000011111111100000000111111111000000000
----- 067_C.pbm -----
P1
106 17
0000000000011111111110000000000011111111110000000000011111111111000000000011111111111000000000011111111111
0000000000011111111110000000000011111111110000000000011111111111000000000011111111111000000000011111111111
0000000000011111111110000000000011111111110000000000011111111111000000000011111111111000000000011111111111
0000000000011111111110000000000011111111110000000000011111111111000000000011111111111000000000011111111111
0000000000011111111110000000000011111111110000000000011111111111000000000011111111111000000000011111111111
0000000000011111111110000000000011111111110000000000011111111111000000000011111111111000000000011111111111
0000000000011111111110000000000011111111110000000000011111111111000000000011111111111000000000011111111111
0000000000011111111110000000000011111111110000000000011111111111000000000011111111111000000000011111111111
0000000000000000000000000000000000000000000000000000000000000000000000000000000000000000000000000000000000
1111111110000000001111111110000000011111111100000000011111111100000000011111111100000000111111111000000000
1111111110000000001111111110000000011111111100000000011111111100000000011111111100000000111111111000000001
1111111110000000001111111110000000011111111100000000011111111100000000011111111100000000111111111000000000
1111111110000000001111111110000000011111111100000000011111111100000000011111111100000000111111111000000000
1111111110000000001111111110000000011111111100000000011111111100000000011111111100000000111111111000000000
1111111110000000001111111110000000011111111100000000011111111100000000011111111100000000111111111000000000
1111111110000000001111111110000000011111111100000000011111111100000000011111111100000000111111111000000001
1111111110000000001111111110000000011111111100000000011111111100000000011111111100000000111111111000000001
----- 068_D.pbm -----
P1
106 17
0000000000011111111110000000000011111111110000000000011111111111000000000011111111111000000000011111111111
0000000000011111111110000000000011111111110000000000011111111111000000000011111111111000000000011111111111
0000000000011111111110000000000011111111110000000000011111111111000000000011111111111000000000011111111111
0000000000011111111110000000000011111111110000000000011111111111000000000011111111111000000000011111111111
0000000000011111111110000000000011111111110000000000011111111111000000000011111111111000000000011111111111
0000000000011111111110000000000011111111110000000000011111111111000000000011111111111000000000011111111111
0000000000011111111110000000000011111111110000000000011111111111000000000011111111111000000000011111111111
0000000000011111111110000000000011111111110000000000011111111111000000000011111111111000000000011111111111
0000000000000000000000000000000000000000000000000000000000000000000000000000000000000000000000000000000000
1111111110000000001111111110000000011111111100000000011111111100000000011111111100000000111111111000000000
1111111110000000001111111110000000011111111100000000011111111100000000011111111100000000111111111000000001
1111111110000000001111111110000000011111111100000000011111111100000000011111111100000000111111111000000000
1111111110000000001111111110000000011111111100000000011111111100000000011111111100000000111111111000000000
1111111110000000001111111110000000011111111100000000011111111100000000011111111100000000111111111000000000
1111111110000000001111111110000000011111111100000000011111111100000000011111111100000000111111111000000001
1111111110000000001111111110000000011111111100000000011111111100000000011111111100000000111111111000000000
1111111110000000001111111110000000011111111100000000011111111100000000011111111100000000111111111000000000
----- 069_E.pbm -----
P1
106 17
0000000000011111111110000000000011111111110000000000011111111111000000000011111111111000000000011111111111
0000000000011111111110000000000011111111110000000000011111111111000000000011111111111000000000011111111111
0000000000011111111110000000000011111111110000000000011111111111000000000011111111111000000000011111111111
0000000000011111111110000000000011111111110000000000011111111111000000000011111111111000000000011111111111
0000000000011111111110000000000011111111110000000000011111111111000000000011111111111000000000011111111111
0000000000011111111110000000000011111111110000000000011111111111000000000011111111111000000000011111111111
0000000000011111111110000000000011111111110000000000011111111111000000000011111111111000000000011111111111
0000000000011111111110000000000011111111110000000000011111111111000000000011111111111000000000011111111111
0000000000000000000000000000000000000000000000000000000000000000000000000000000000000000000000000000000000
1111111110000000001111111110000000011111111100000000011111111100000000011111111100000000111111111000000000
1111111110000000001111111110000000011111111100000000011111111100000000011111111100000000111111111000000001
1111111110000000001111111110000000011111111100000000011111111100000000011111111100000000111111111000000000
1111111110000000001111111110000000011111111100000000011111111100000000011111111100000000111111111000000000
1111111110000000001111111110000000011111111100000000011111111100000000011111111100000000111111111000000000
1111111110000000001111111110000000011111111100000000011111111100000000011111111100000000111111111000000001
1111111110000000001111111110000000011111111100000000011111111100000000011111111100000000111111111000000000
1111111110000000001111111110000000011111111100000000011111111100000000011111111100000000111111111000000001
----- 070_F.pbm -----
P1
106 17
0000000000011111111110000000000011111111110000000000011111111111000000000011111111111000000000011111111111
0000000000011111111110000000000011111111110000000000011111111111000000000011111111111000000000011111111111
0000000000011111111110000000000011111111110000000000011111111111000000000011111111111000000000011111111111
0000000000011111111110000000000011111111110000000000011111111111000000000011111111111000000000011111111111
0000000000011111111110000000000011111111110000000000011111111111000000000011111111111000000000011111111111
0000000000011111111110000000000011111111110000000000011111111111000000000011111111111000000000011111111111
0000000000011111111110000000000011111111110000000000011111111111000000000011111111111000000000011111111111
0000000000011111111110000000000011111111110000000000011111111111000000000011111111111000000000011111111111
0000000000000000000000000000000000000000000000000000000000000000000000000000000000000000000000000000000000
1111111110000000001111111110000000011111111100000000011111111100000000011111111100000000111111111000000000
1111111110000000001111111110000000011111111100000000011111111100000000011111111100000000111111111000000001
1111111110000000001111111110000000011111111100000000011111111100000000011111111100000000111111111000000000
1111111110000000001111111110000000011111111100000000011111111100000000011111111100000000111111111000000000
1111111110000000001111111110000000011111111100000000011111111100000000011111111100000000111111111000000000
1111111110000000001111111110000000011111111100000000011111111100000000011111111100000000111111111000000001
1111111110000000001111111110000000011111111100000000011111111100000000011111111100000000111111111000000001
1111111110000000001111111110000000011111111100000000011111111100000000011111111100000000111111111000000000
----- 071_G.pbm -----
P1
106 17
0000000000011111111110000000000011111111110000000000011111111111000000000011111111111000000000011111111111
0000000000011111111110000000000011111111110000000000011111111111000000000011111111111000000000011111111111
0000000000011111111110000000000011111111110000000000011111111111000000000011111111111000000000011111111111
0000000000011111111110000000000011111111110000000000011111111111000000000011111111111000000000011111111111
0000000000011111111110000000000011111111110000000000011111111111000000000011111111111000000000011111111111
0000000000011111111110000000000011111111110000000000011111111111000000000011111111111000000000011111111111
0000000000011111111110000000000011111111110000000000011111111111000000000011111111111000000000011111111111
0000000000011111111110000000000011111111110000000000011111111111000000000011111111111000000000011111111111
0000000000000000000000000000000000000000000000000000000000000000000000000000000000000000000000000000000000
1111111110000000001111111110000000011111111100000000011111111100000000011111111100000000111111111000000000
1111111110000000001111111110000000011111111100000000011111111100000000011111111100000000111111111000000001
1111111110000000001111111110000000011111111100000000011111111100000000011111111100000000111111111000000000
1111111110000000001111111110000000011111111100000000011111111100000000011111111100000000111111111000000000
1111111110000000001111111110000000011111111100000000011111111100000000011111111100000000111111111000000000
1111111110000000001111111110000000011111111100000000011111111100000000011111111100000000111111111000000001
1111111110000000001111111110000000011111111100000000011111111100000000011111111100000000111111111000000001
1111111110000000001111111110000000011111111100000000011111111100000000011111111100000000111111111000000001
----- 072_H.pbm -----
P1
106 17
0000000000011111111110000000000011111111110000000000011111111111000000000011111111111000000000011111111111
0000000000011111111110000000000011111111110000000000011111111111000000000011111111111000000000011111111111
0000000000011111111110000000000011111111110000000000011111111111000000000011111111111000000000011111111111
0000000000011111111110000000000011111111110000000000011111111111000000000011111111111000000000011111111111
0000000000011111111110000000000011111111110000000000011111111111000000000011111111111000000000011111111111
0000000000011111111110000000000011111111110000000000011111111111000000000011111111111000000000011111111111
0000000000011111111110000000000011111111110000000000011111111111000000000011111111111000000000011111111111
0000000000011111111110000000000011111111110000000000011111111111000000000011111111111000000000011111111111
0000000000000000000000000000000000000000000000000000000000000000000000000000000000000000000000000000000000
1111111110000000001111111110000000011111111100000000011111111100000000011111111100000000111111111000000000
1111111110000000001111111110000000011111111100000000011111111100000000011111111100000000111111111000000001
1111111110000000001111111110000000011111111100000000011111111100000000011111111100000000111111111000000000
1111111110000000001111111110000000011111111100000000011111111100000000011111111100000000111111111000000000
1111111110000000001111111110000000011111111100000000011111111100000000011111111100000000111111111000000001
1111111110000000001111111110000000011111111100000000011111111100000000011111111100000000111111111000000000
1111111110000000001111111110000000011111111100000000011111111100000000011111111100000000111111111000000000
1111111110000000001111111110000000011111111100000000011111111100000000011111111100000000111111111000000000
----- 073_I.pbm -----
P1
106 17
0000000000011111111110000000000011111111110000000000011111111111000000000011111111111000000000011111111111
0000000000011111111110000000000011111111110000000000011111111111000000000011111111111000000000011111111111
0000000000011111111110000000000011111111110000000000011111111111000000000011111111111000000000011111111111
0000000000011111111110000000000011111111110000000000011111111111000000000011111111111000000000011111111111
0000000000011111111110000000000011111111110000000000011111111111000000000011111111111000000000011111111111
0000000000011111111110000000000011111111110000000000011111111111000000000011111111111000000000011111111111
0000000000011111111110000000000011111111110000000000011111111111000000000011111111111000000000011111111111
0000000000011111111110000000000011111111110000000000011111111111000000000011111111111000000000011111111111
0000000000000000000000000000000000000000000000000000000000000000000000000000000000000000000000000000000000
1111111110000000001111111110000000011111111100000000011111111100000000011111111100000000111111111000000000
1111111110000000001111111110000000011111111100000000011111111100000000011111111100000000111111111000000001
1111111110000000001111111110000000011111111100000000011111111100000000011111111100000000111111111000000000
1111111110000000001111111110000000011111111100000000011111111100000000011111111100000000111111111000000000
1111111110000000001111111110000000011111111100000000011111111100000000011111111100000000111111111000000001
1111111110000000001111111110000000011111111100000000011111111100000000011111111100000000111111111000000000
1111111110000000001111111110000000011111111100000000011111111100000000011111111100000000111111111000000000
1111111110000000001111111110000000011111111100000000011111111100000000011111111100000000111111111000000001
----- 074_J.pbm -----
P1
106 17
0000000000011111111110000000000011111111110000000000011111111111000000000011111111111000000000011111111111
0000000000011111111110000000000011111111110000000000011111111111000000000011111111111000000000011111111111
0000000000011111111110000000000011111111110000000000011111111111000000000011111111111000000000011111111111
0000000000011111111110000000000011111111110000000000011111111111000000000011111111111000000000011111111111
0000000000011111111110000000000011111111110000000000011111111111000000000011111111111000000000011111111111
0000000000011111111110000000000011111111110000000000011111111111000000000011111111111000000000011111111111
0000000000011111111110000000000011111111110000000000011111111111000000000011111111111000000000011111111111
0000000000011111111110000000000011111111110000000000011111111111000000000011111111111000000000011111111111
0000000000000000000000000000000000000000000000000000000000000000000000000000000000000000000000000000000000
1111111110000000001111111110000000011111111100000000011111111100000000011111111100000000111111111000000000
1111111110000000001111111110000000011111111100000000011111111100000000011111111100000000111111111000000001
1111111110000000001111111110000000011111111100000000011111111100000000011111111100000000111111111000000000
1111111110000000001111111110000000011111111100000000011111111100000000011111111100000000111111111000000000
1111111110000000001111111110000000011111111100000000011111111100000000011111111100000000111111111000000001
1111111110000000001111111110000000011111111100000000011111111100000000011111111100000000111111111000000000
1111111110000000001111111110000000011111111100000000011111111100000000011111111100000000111111111000000001
1111111110000000001111111110000000011111111100000000011111111100000000011111111100000000111111111000000000
----- 075_K.pbm -----
P1
106 17
0000000000011111111110000000000011111111110000000000011111111111000000000011111111111000000000011111111111
0000000000011111111110000000000011111111110000000000011111111111000000000011111111111000000000011111111111
0000000000011111111110000000000011111111110000000000011111111111000000000011111111111000000000011111111111
0000000000011111111110000000000011111111110000000000011111111111000000000011111111111000000000011111111111
0000000000011111111110000000000011111111110000000000011111111111000000000011111111111000000000011111111111
0000000000011111111110000000000011111111110000000000011111111111000000000011111111111000000000011111111111
0000000000011111111110000000000011111111110000000000011111111111000000000011111111111000000000011111111111
0000000000011111111110000000000011111111110000000000011111111111000000000011111111111000000000011111111111
0000000000000000000000000000000000000000000000000000000000000000000000000000000000000000000000000000000000
1111111110000000001111111110000000011111111100000000011111111100000000011111111100000000111111111000000000
1111111110000000001111111110000000011111111100000000011111111100000000011111111100000000111111111000000001
1111111110000000001111111110000000011111111100000000011111111100000000011111111100000000111111111000000000
1111111110000000001111111110000000011111111100000000011111111100000000011111111100000000111111111000000000
1111111110000000001111111110000000011111111100000000011111111100000000011111111100000000111111111000000001
1111111110000000001111111110000000011111111100000000011111111100000000011111111100000000111111111000000000
1111111110000000001111111110000000011111111100000000011111111100000000011111111100000000111111111000000001
1111111110000000001111111110000000011111111100000000011111111100000000011111111100000000111111111000000001
----- 076_L.pbm -----
P1
106 17
0000000000011111111110000000000011111111110000000000011111111111000000000011111111111000000000011111111111
0000000000011111111110000000000011111111110000000000011111111111000000000011111111111000000000011111111111
0000000000011111111110000000000011111111110000000000011111111111000000000011111111111000000000011111111111
0000000000011111111110000000000011111111110000000000011111111111000000000011111111111000000000011111111111
0000000000011111111110000000000011111111110000000000011111111111000000000011111111111000000000011111111111
0000000000011111111110000000000011111111110000000000011111111111000000000011111111111000000000011111111111
0000000000011111111110000000000011111111110000000000011111111111000000000011111111111000000000011111111111
0000000000011111111110000000000011111111110000000000011111111111000000000011111111111000000000011111111111
0000000000000000000000000000000000000000000000000000000000000000000000000000000000000000000000000000000000
1111111110000000001111111110000000011111111100000000011111111100000000011111111100000000111111111000000000
1111111110000000001111111110000000011111111100000000011111111100000000011111111100000000111111111000000001
1111111110000000001111111110000000011111111100000000011111111100000000011111111100000000111111111000000000
1111111110000000001111111110000000011111111100000000011111111100000000011111111100000000111111111000000000
1111111110000000001111111110000000011111111100000000011111111100000000011111111100000000111111111000000001
1111111110000000001111111110000000011111111100000000011111111100000000011111111100000000111111111000000001
1111111110000000001111111110000000011111111100000000011111111100000000011111111100000000111111111000000000
1111111110000000001111111110000000011111111100000000011111111100000000011111111100000000111111111000000000
----- 077_M.pbm -----
P1
106 17
0000000000011111111110000000000011111111110000000000011111111111000000000011111111111000000000011111111111
0000000000011111111110000000000011111111110000000000011111111111000000000011111111111000000000011111111111
0000000000011111111110000000000011111111110000000000011111111111000000000011111111111000000000011111111111
0000000000011111111110000000000011111111110000000000011111111111000000000011111111111000000000011111111111
0000000000011111111110000000000011111111110000000000011111111111000000000011111111111000000000011111111111
0000000000011111111110000000000011111111110000000000011111111111000000000011111111111000000000011111111111
0000000000011111111110000000000011111111110000000000011111111111000000000011111111111000000000011111111111
0000000000011111111110000000000011111111110000000000011111111111000000000011111111111000000000011111111111
0000000000000000000000000000000000000000000000000000000000000000000000000000000000000000000000000000000000
1111111110000000001111111110000000011111111100000000011111111100000000011111111100000000111111111000000000
1111111110000000001111111110000000011111111100000000011111111100000000011111111100000000111111111000000001
1111111110000000001111111110000000011111111100000000011111111100000000011111111100000000111111111000000000
1111111110000000001111111110000000011111111100000000011111111100000000011111111100000000111111111000000000
1111111110000000001111111110000000011111111100000000011111111100000000011111111100000000111111111000000001
1111111110000000001111111110000000011111111100000000011111111100000000011111111100000000111111111000000001
1111111110000000001111111110000000011111111100000000011111111100000000011111111100000000111111111000000000
1111111110000000001111111110000000011111111100000000011111111100000000011111111100000000111111111000000001
----- 078_N.pbm -----
P1
106 17
0000000000011111111110000000000011111111110000000000011111111111000000000011111111111000000000011111111111
0000000000011111111110000000000011111111110000000000011111111111000000000011111111111000000000011111111111
0000000000011111111110000000000011111111110000000000011111111111000000000011111111111000000000011111111111
0000000000011111111110000000000011111111110000000000011111111111000000000011111111111000000000011111111111
0000000000011111111110000000000011111111110000000000011111111111000000000011111111111000000000011111111111
0000000000011111111110000000000011111111110000000000011111111111000000000011111111111000000000011111111111
0000000000011111111110000000000011111111110000000000011111111111000000000011111111111000000000011111111111
0000000000011111111110000000000011111111110000000000011111111111000000000011111111111000000000011111111111
0000000000000000000000000000000000000000000000000000000000000000000000000000000000000000000000000000000000
1111111110000000001111111110000000011111111100000000011111111100000000011111111100000000111111111000000000
1111111110000000001111111110000000011111111100000000011111111100000000011111111100000000111111111000000001
1111111110000000001111111110000000011111111100000000011111111100000000011111111100000000111111111000000000
1111111110000000001111111110000000011111111100000000011111111100000000011111111100000000111111111000000000
1111111110000000001111111110000000011111111100000000011111111100000000011111111100000000111111111000000001
1111111110000000001111111110000000011111111100000000011111111100000000011111111100000000111111111000000001
1111111110000000001111111110000000011111111100000000011111111100000000011111111100000000111111111000000001
1111111110000000001111111110000000011111111100000000011111111100000000011111111100000000111111111000000000
----- 079_O.pbm -----
P1
106 17
0000000000011111111110000000000011111111110000000000011111111111000000000011111111111000000000011111111111
0000000000011111111110000000000011111111110000000000011111111111000000000011111111111000000000011111111111
0000000000011111111110000000000011111111110000000000011111111111000000000011111111111000000000011111111111
0000000000011111111110000000000011111111110000000000011111111111000000000011111111111000000000011111111111
0000000000011111111110000000000011111111110000000000011111111111000000000011111111111000000000011111111111
0000000000011111111110000000000011111111110000000000011111111111000000000011111111111000000000011111111111
0000000000011111111110000000000011111111110000000000011111111111000000000011111111111000000000011111111111
0000000000011111111110000000000011111111110000000000011111111111000000000011111111111000000000011111111111
0000000000000000000000000000000000000000000000000000000000000000000000000000000000000000000000000000000000
1111111110000000001111111110000000011111111100000000011111111100000000011111111100000000111111111000000000
1111111110000000001111111110000000011111111100000000011111111100000000011111111100000000111111111000000001
1111111110000000001111111110000000011111111100000000011111111100000000011111111100000000111111111000000000
1111111110000000001111111110000000011111111100000000011111111100000000011111111100000000111111111000000000
1111111110000000001111111110000000011111111100000000011111111100000000011111111100000000111111111000000001
1111111110000000001111111110000000011111111100000000011111111100000000011111111100000000111111111000000001
1111111110000000001111111110000000011111111100000000011111111100000000011111111100000000111111111000000001
1111111110000000001111111110000000011111111100000000011111111100000000011111111100000000111111111000000001
----- 080_P.pbm -----
P1
106 17
0000000000011111111110000000000011111111110000000000011111111111000000000011111111111000000000011111111111
0000000000011111111110000000000011111111110000000000011111111111000000000011111111111000000000011111111111
0000000000011111111110000000000011111111110000000000011111111111000000000011111111111000000000011111111111
0000000000011111111110000000000011111111110000000000011111111111000000000011111111111000000000011111111111
0000000000011111111110000000000011111111110000000000011111111111000000000011111111111000000000011111111111
0000000000011111111110000000000011111111110000000000011111111111000000000011111111111000000000011111111111
0000000000011111111110000000000011111111110000000000011111111111000000000011111111111000000000011111111111
0000000000011111111110000000000011111111110000000000011111111111000000000011111111111000000000011111111111
0000000000000000000000000000000000000000000000000000000000000000000000000000000000000000000000000000000000
1111111110000000001111111110000000011111111100000000011111111100000000011111111100000000111111111000000000
1111111110000000001111111110000000011111111100000000011111111100000000011111111100000000111111111000000001
1111111110000000001111111110000000011111111100000000011111111100000000011111111100000000111111111000000000
1111111110000000001111111110000000011111111100000000011111111100000000011111111100000000111111111000000001
1111111110000000001111111110000000011111111100000000011111111100000000011111111100000000111111111000000000
1111111110000000001111111110000000011111111100000000011111111100000000011111111100000000111111111000000000
1111111110000000001111111110000000011111111100000000011111111100000000011111111100000000111111111000000000
1111111110000000001111111110000000011111111100000000011111111100000000011111111100000000111111111000000000
----- 081_Q.pbm -----
P1
106 17
0000000000011111111110000000000011111111110000000000011111111111000000000011111111111000000000011111111111
0000000000011111111110000000000011111111110000000000011111111111000000000011111111111000000000011111111111
0000000000011111111110000000000011111111110000000000011111111111000000000011111111111000000000011111111111
0000000000011111111110000000000011111111110000000000011111111111000000000011111111111000000000011111111111
0000000000011111111110000000000011111111110000000000011111111111000000000011111111111000000000011111111111
0000000000011111111110000000000011111111110000000000011111111111000000000011111111111000000000011111111111
0000000000011111111110000000000011111111110000000000011111111111000000000011111111111000000000011111111111
0000000000011111111110000000000011111111110000000000011111111111000000000011111111111000000000011111111111
0000000000000000000000000000000000000000000000000000000000000000000000000000000000000000000000000000000000
1111111110000000001111111110000000011111111100000000011111111100000000011111111100000000111111111000000000
1111111110000000001111111110000000011111111100000000011111111100000000011111111100000000111111111000000001
1111111110000000001111111110000000011111111100000000011111111100000000011111111100000000111111111000000000
1111111110000000001111111110000000011111111100000000011111111100000000011111111100000000111111111000000001
1111111110000000001111111110000000011111111100000000011111111100000000011111111100000000111111111000000000
1111111110000000001111111110000000011111111100000000011111111100000000011111111100000000111111111000000000
1111111110000000001111111110000000011111111100000000011111111100000000011111111100000000111111111000000000
1111111110000000001111111110000000011111111100000000011111111100000000011111111100000000111111111000000001
----- 082_R.pbm -----
P1
106 17
0000000000011111111110000000000011111111110000000000011111111111000000000011111111111000000000011111111111
0000000000011111111110000000000011111111110000000000011111111111000000000011111111111000000000011111111111
0000000000011111111110000000000011111111110000000000011111111111000000000011111111111000000000011111111111
0000000000011111111110000000000011111111110000000000011111111111000000000011111111111000000000011111111111
0000000000011111111110000000000011111111110000000000011111111111000000000011111111111000000000011111111111
0000000000011111111110000000000011111111110000000000011111111111000000000011111111111000000000011111111111
0000000000011111111110000000000011111111110000000000011111111111000000000011111111111000000000011111111111
0000000000011111111110000000000011111111110000000000011111111111000000000011111111111000000000011111111111
0000000000000000000000000000000000000000000000000000000000000000000000000000000000000000000000000000000000
1111111110000000001111111110000000011111111100000000011111111100000000011111111100000000111111111000000000
1111111110000000001111111110000000011111111100000000011111111100000000011111111100000000111111111000000001
1111111110000000001111111110000000011111111100000000011111111100000000011111111100000000111111111000000000
1111111110000000001111111110000000011111111100000000011111111100000000011111111100000000111111111000000001
1111111110000000001111111110000000011111111100000000011111111100000000011111111100000000111111111000000000
1111111110000000001111111110000000011111111100000000011111111100000000011111111100000000111111111000000000
1111111110000000001111111110000000011111111100000000011111111100000000011111111100000000111111111000000001
1111111110000000001111111110000000011111111100000000011111111100000000011111111100000000111111111000000000
----- 083_S.pbm -----
P1
106 17
0000000000011111111110000000000011111111110000000000011111111111000000000011111111111000000000011111111111
0000000000011111111110000000000011111111110000000000011111111111000000000011111111111000000000011111111111
0000000000011111111110000000000011111111110000000000011111111111000000000011111111111000000000011111111111
0000000000011111111110000000000011111111110000000000011111111111000000000011111111111000000000011111111111
0000000000011111111110000000000011111111110000000000011111111111000000000011111111111000000000011111111111
0000000000011111111110000000000011111111110000000000011111111111000000000011111111111000000000011111111111
0000000000011111111110000000000011111111110000000000011111111111000000000011111111111000000000011111111111
0000000000011111111110000000000011111111110000000000011111111111000000000011111111111000000000011111111111
0000000000000000000000000000000000000000000000000000000000000000000000000000000000000000000000000000000000
1111111110000000001111111110000000011111111100000000011111111100000000011111111100000000111111111000000000
1111111110000000001111111110000000011111111100000000011111111100000000011111111100000000111111111000000001
1111111110000000001111111110000000011111111100000000011111111100000000011111111100000000111111111000000000
1111111110000000001111111110000000011111111100000000011111111100000000011111111100000000111111111000000001
1111111110000000001111111110000000011111111100000000011111111100000000011111111100000000111111111000000000
1111111110000000001111111110000000011111111100000000011111111100000000011111111100000000111111111000000000
1111111110000000001111111110000000011111111100000000011111111100000000011111111100000000111111111000000001
1111111110000000001111111110000000011111111100000000011111111100000000011111111100000000111111111000000001
----- 084_T.pbm -----
P1
106 17
0000000000011111111110000000000011111111110000000000011111111111000000000011111111111000000000011111111111
0000000000011111111110000000000011111111110000000000011111111111000000000011111111111000000000011111111111
0000000000011111111110000000000011111111110000000000011111111111000000000011111111111000000000011111111111
0000000000011111111110000000000011111111110000000000011111111111000000000011111111111000000000011111111111
0000000000011111111110000000000011111111110000000000011111111111000000000011111111111000000000011111111111
0000000000011111111110000000000011111111110000000000011111111111000000000011111111111000000000011111111111
0000000000011111111110000000000011111111110000000000011111111111000000000011111111111000000000011111111111
0000000000011111111110000000000011111111110000000000011111111111000000000011111111111000000000011111111111
0000000000000000000000000000000000000000000000000000000000000000000000000000000000000000000000000000000000
1111111110000000001111111110000000011111111100000000011111111100000000011111111100000000111111111000000000
1111111110000000001111111110000000011111111100000000011111111100000000011111111100000000111111111000000001
1111111110000000001111111110000000011111111100000000011111111100000000011111111100000000111111111000000000
1111111110000000001111111110000000011111111100000000011111111100000000011111111100000000111111111000000001
1111111110000000001111111110000000011111111100000000011111111100000000011111111100000000111111111000000000
1111111110000000001111111110000000011111111100000000011111111100000000011111111100000000111111111000000001
1111111110000000001111111110000000011111111100000000011111111100000000011111111100000000111111111000000000
1111111110000000001111111110000000011111111100000000011111111100000000011111111100000000111111111000000000
----- 085_U.pbm -----
P1
106 17
0000000000011111111110000000000011111111110000000000011111111111000000000011111111111000000000011111111111
0000000000011111111110000000000011111111110000000000011111111111000000000011111111111000000000011111111111
0000000000011111111110000000000011111111110000000000011111111111000000000011111111111000000000011111111111
0000000000011111111110000000000011111111110000000000011111111111000000000011111111111000000000011111111111
0000000000011111111110000000000011111111110000000000011111111111000000000011111111111000000000011111111111
0000000000011111111110000000000011111111110000000000011111111111000000000011111111111000000000011111111111
0000000000011111111110000000000011111111110000000000011111111111000000000011111111111000000000011111111111
0000000000011111111110000000000011111111110000000000011111111111000000000011111111111000000000011111111111
0000000000000000000000000000000000000000000000000000000000000000000000000000000000000000000000000000000000
1111111110000000001111111110000000011111111100000000011111111100000000011111111100000000111111111000000000
1111111110000000001111111110000000011111111100000000011111111100000000011111111100000000111111111000000001
1111111110000000001111111110000000011111111100000000011111111100000000011111111100000000111111111000000000
1111111110000000001111111110000000011111111100000000011111111100000000011111111100000000111111111000000001
1111111110000000001111111110000000011111111100000000011111111100000000011111111100000000111111111000000000
1111111110000000001111111110000000011111111100000000011111111100000000011111111100000000111111111000000001
1111111110000000001111111110000000011111111100000000011111111100000000011111111100000000111111111000000000
1111111110000000001111111110000000011111111100000000011111111100000000011111111100000000111111111000000001
----- 086_V.pbm -----
P1
106 17
0000000000011111111110000000000011111111110000000000011111111111000000000011111111111000000000011111111111
0000000000011111111110000000000011111111110000000000011111111111000000000011111111111000000000011111111111
0000000000011111111110000000000011111111110000000000011111111111000000000011111111111000000000011111111111
0000000000011111111110000000000011111111110000000000011111111111000000000011111111111000000000011111111111
0000000000011111111110000000000011111111110000000000011111111111000000000011111111111000000000011111111111
0000000000011111111110000000000011111111110000000000011111111111000000000011111111111000000000011111111111
0000000000011111111110000000000011111111110000000000011111111111000000000011111111111000000000011111111111
0000000000011111111110000000000011111111110000000000011111111111000000000011111111111000000000011111111111
0000000000000000000000000000000000000000000000000000000000000000000000000000000000000000000000000000000000
1111111110000000001111111110000000011111111100000000011111111100000000011111111100000000111111111000000000
1111111110000000001111111110000000011111111100000000011111111100000000011111111100000000111111111000000001
1111111110000000001111111110000000011111111100000000011111111100000000011111111100000000111111111000000000
1111111110000000001111111110000000011111111100000000011111111100000000011111111100000000111111111000000001
1111111110000000001111111110000000011111111100000000011111111100000000011111111100000000111111111000000000
1111111110000000001111111110000000011111111100000000011111111100000000011111111100000000111111111000000001
1111111110000000001111111110000000011111111100000000011111111100000000011111111100000000111111111000000001
1111111110000000001111111110000000011111111100000000011111111100000000011111111100000000111111111000000000
----- 087_W.pbm -----
P1
106 17
0000000000011111111110000000000011111111110000000000011111111111000000000011111111111000000000011111111111
0000000000011111111110000000000011111111110000000000011111111111000000000011111111111000000000011111111111
0000000000011111111110000000000011111111110000000000011111111111000000000011111111111000000000011111111111
0000000000011111111110000000000011111111110000000000011111111111000000000011111111111000000000011111111111
0000000000011111111110000000000011111111110000000000011111111111000000000011111111111000000000011111111111
0000000000011111111110000000000011111111110000000000011111111111000000000011111111111000000000011111111111
0000000000011111111110000000000011111111110000000000011111111111000000000011111111111000000000011111111111
0000000000011111111110000000000011111111110000000000011111111111000000000011111111111000000000011111111111
0000000000000000000000000000000000000000000000000000000000000000000000000000000000000000000000000000000000
1111111110000000001111111110000000011111111100000000011111111100000000011111111100000000111111111000000000
1111111110000000001111111110000000011111111100000000011111111100000000011111111100000000111111111000000001
1111111110000000001111111110000000011111111100000000011111111100000000011111111100000000111111111000000000
1111111110000000001111111110000000011111111100000000011111111100000000011111111100000000111111111000000001
1111111110000000001111111110000000011111111100000000011111111100000000011111111100000000111111111000000000
1111111110000000001111111110000000011111111100000000011111111100000000011111111100000000111111111000000001
1111111110000000001111111110000000011111111100000000011111111100000000011111111100000000111111111000000001
1111111110000000001111111110000000011111111100000000011111111100000000011111111100000000111111111000000001
----- 088_X.pbm -----
P1
106 17
0000000000011111111110000000000011111111110000000000011111111111000000000011111111111000000000011111111111
0000000000011111111110000000000011111111110000000000011111111111000000000011111111111000000000011111111111
0000000000011111111110000000000011111111110000000000011111111111000000000011111111111000000000011111111111
0000000000011111111110000000000011111111110000000000011111111111000000000011111111111000000000011111111111
0000000000011111111110000000000011111111110000000000011111111111000000000011111111111000000000011111111111
0000000000011111111110000000000011111111110000000000011111111111000000000011111111111000000000011111111111
0000000000011111111110000000000011111111110000000000011111111111000000000011111111111000000000011111111111
0000000000011111111110000000000011111111110000000000011111111111000000000011111111111000000000011111111111
0000000000000000000000000000000000000000000000000000000000000000000000000000000000000000000000000000000000
1111111110000000001111111110000000011111111100000000011111111100000000011111111100000000111111111000000000
1111111110000000001111111110000000011111111100000000011111111100000000011111111100000000111111111000000001
1111111110000000001111111110000000011111111100000000011111111100000000011111111100000000111111111000000000
1111111110000000001111111110000000011111111100000000011111111100000000011111111100000000111111111000000001
1111111110000000001111111110000000011111111100000000011111111100000000011111111100000000111111111000000001
1111111110000000001111111110000000011111111100000000011111111100000000011111111100000000111111111000000000
1111111110000000001111111110000000011111111100000000011111111100000000011111111100000000111111111000000000
1111111110000000001111111110000000011111111100000000011111111100000000011111111100000000111111111000000000
----- 089_Y.pbm -----
P1
106 17
0000000000011111111110000000000011111111110000000000011111111111000000000011111111111000000000011111111111
0000000000011111111110000000000011111111110000000000011111111111000000000011111111111000000000011111111111
0000000000011111111110000000000011111111110000000000011111111111000000000011111111111000000000011111111111
0000000000011111111110000000000011111111110000000000011111111111000000000011111111111000000000011111111111
0000000000011111111110000000000011111111110000000000011111111111000000000011111111111000000000011111111111
0000000000011111111110000000000011111111110000000000011111111111000000000011111111111000000000011111111111
0000000000011111111110000000000011111111110000000000011111111111000000000011111111111000000000011111111111
0000000000011111111110000000000011111111110000000000011111111111000000000011111111111000000000011111111111
0000000000000000000000000000000000000000000000000000000000000000000000000000000000000000000000000000000000
1111111110000000001111111110000000011111111100000000011111111100000000011111111100000000111111111000000000
1111111110000000001111111110000000011111111100000000011111111100000000011111111100000000111111111000000001
1111111110000000001111111110000000011111111100000000011111111100000000011111111100000000111111111000000000
1111111110000000001111111110000000011111111100000000011111111100000000011111111100000000111111111000000001
1111111110000000001111111110000000011111111100000000011111111100000000011111111100000000111111111000000001
1111111110000000001111111110000000011111111100000000011111111100000000011111111100000000111111111000000000
1111111110000000001111111110000000011111111100000000011111111100000000011111111100000000111111111000000000
1111111110000000001111111110000000011111111100000000011111111100000000011111111100000000111111111000000001
----- 090_Z.pbm -----
P1
106 17
0000000000011111111110000000000011111111110000000000011111111111000000000011111111111000000000011111111111
0000000000011111111110000000000011111111110000000000011111111111000000000011111111111000000000011111111111
0000000000011111111110000000000011111111110000000000011111111111000000000011111111111000000000011111111111
0000000000011111111110000000000011111111110000000000011111111111000000000011111111111000000000011111111111
0000000000011111111110000000000011111111110000000000011111111111000000000011111111111000000000011111111111
0000000000011111111110000000000011111111110000000000011111111111000000000011111111111000000000011111111111
0000000000011111111110000000000011111111110000000000011111111111000000000011111111111000000000011111111111
0000000000011111111110000000000011111111110000000000011111111111000000000011111111111000000000011111111111
0000000000000000000000000000000000000000000000000000000000000000000000000000000000000000000000000000000000
1111111110000000001111111110000000011111111100000000011111111100000000011111111100000000111111111000000000
1111111110000000001111111110000000011111111100000000011111111100000000011111111100000000111111111000000001
1111111110000000001111111110000000011111111100000000011111111100000000011111111100000000111111111000000000
1111111110000000001111111110000000011111111100000000011111111100000000011111111100000000111111111000000001
1111111110000000001111111110000000011111111100000000011111111100000000011111111100000000111111111000000001
1111111110000000001111111110000000011111111100000000011111111100000000011111111100000000111111111000000000
1111111110000000001111111110000000011111111100000000011111111100000000011111111100000000111111111000000001
1111111110000000001111111110000000011111111100000000011111111100000000011111111100000000111111111000000000
----- 091.pbm -----
P1
106 17
0000000000011111111110000000000011111111110000000000011111111111000000000011111111111000000000011111111111
0000000000011111111110000000000011111111110000000000011111111111000000000011111111111000000000011111111111
0000000000011111111110000000000011111111110000000000011111111111000000000011111111111000000000011111111111
0000000000011111111110000000000011111111110000000000011111111111000000000011111111111000000000011111111111
0000000000011111111110000000000011111111110000000000011111111111000000000011111111111000000000011111111111
0000000000011111111110000000000011111111110000000000011111111111000000000011111111111000000000011111111111
0000000000011111111110000000000011111111110000000000011111111111000000000011111111111000000000011111111111
0000000000011111111110000000000011111111110000000000011111111111000000000011111111111000000000011111111111
0000000000000000000000000000000000000000000000000000000000000000000000000000000000000000000000000000000000
1111111110000000001111111110000000011111111100000000011111111100000000011111111100000000111111111000000000
1111111110000000001111111110000000011111111100000000011111111100000000011111111100000000111111111000000001
1111111110000000001111111110000000011111111100000000011111111100000000011111111100000000111111111000000000
1111111110000000001111111110000000011111111100000000011111111100000000011111111100000000111111111000000001
1111111110000000001111111110000000011111111100000000011111111100000000011111111100000000111111111000000001
1111111110000000001111111110000000011111111100000000011111111100000000011111111100000000111111111000000000
1111111110000000001111111110000000011111111100000000011111111100000000011111111100000000111111111000000001
1111111110000000001111111110000000011111111100000000011111111100000000011111111100000000111111111000000001
----- 092.pbm -----
P1
106 17
0000000000011111111110000000000011111111110000000000011111111111000000000011111111111000000000011111111111
0000000000011111111110000000000011111111110000000000011111111111000000000011111111111000000000011111111111
0000000000011111111110000000000011111111110000000000011111111111000000000011111111111000000000011111111111
0000000000011111111110000000000011111111110000000000011111111111000000000011111111111000000000011111111111
0000000000011111111110000000000011111111110000000000011111111111000000000011111111111000000000011111111111
0000000000011111111110000000000011111111110000000000011111111111000000000011111111111000000000011111111111
0000000000011111111110000000000011111111110000000000011111111111000000000011111111111000000000011111111111
0000000000011111111110000000000011111111110000000000011111111111000000000011111111111000000000011111111111
0000000000000000000000000000000000000000000000000000000000000000000000000000000000000000000000000000000000
1111111110000000001111111110000000011111111100000000011111111100000000011111111100000000111111111000000000
1111111110000000001111111110000000011111111100000000011111111100000000011111111100000000111111111000000001
1111111110000000001111111110000000011111111100000000011111111100000000011111111100000000111111111000000000
1111111110000000001111111110000000011111111100000000011111111100000000011111111100000000111111111000000001
1111111110000000001111111110000000011111111100000000011111111100000000011111111100000000111111111000000001
1111111110000000001111111110000000011111111100000000011111111100000000011111111100000000111111111000000001
1111111110000000001111111110000000011111111100000000011111111100000000011111111100000000111111111000000000
1111111110000000001111111110000000011111111100000000011111111100000000011111111100000000111111111000000000
----- 093.pbm -----
P1
106 17
0000000000011111111110000000000011111111110000000000011111111111000000000011111111111000000000011111111111
0000000000011111111110000000000011111111110000000000011111111111000000000011111111111000000000011111111111
0000000000011111111110000000000011111111110000000000011111111111000000000011111111111000000000011111111111
0000000000011111111110000000000011111111110000000000011111111111000000000011111111111000000000011111111111
0000000000011111111110000000000011111111110000000000011111111111000000000011111111111000000000011111111111
0000000000011111111110000000000011111111110000000000011111111111000000000011111111111000000000011111111111
0000000000011111111110000000000011111111110000000000011111111111000000000011111111111000000000011111111111
0000000000011111111110000000000011111111110000000000011111111111000000000011111111111000000000011111111111
0000000000000000000000000000000000000000000000000000000000000000000000000000000000000000000000000000000000
1111111110000000001111111110000000011111111100000000011111111100000000011111111100000000111111111000000000
1111111110000000001111111110000000011111111100000000011111111100000000011111111100000000111111111000000001
1111111110000000001111111110000000011111111100000000011111111100000000011111111100000000111111111000000000
1111111110000000001111111110000000011111111100000000011111111100000000011111111100000000111111111000000001
1111111110000000001111111110000000011111111100000000011111111100000000011111111100000000111111111000000001
1111111110000000001111111110000000011111111100000000011111111100000000011111111100000000111111111000000001
1111111110000000001111111110000000011111111100000000011111111100000000011111111100000000111111111000000000
1111111110000000001111111110000000011111111100000000011111111100000000011111111100000000111111111000000001
----- 094.pbm -----
P1
106 17
0000000000011111111110000000000011111111110000000000011111111111000000000011111111111000000000011111111111
0000000000011111111110000000000011111111110000000000011111111111000000000011111111111000000000011111111111
0000000000011111111110000000000011111111110000000000011111111111000000000011111111111000000000011111111111
0000000000011111111110000000000011111111110000000000011111111111000000000011111111111000000000011111111111
0000000000011111111110000000000011111111110000000000011111111111000000000011111111111000000000011111111111
0000000000011111111110000000000011111111110000000000011111111111000000000011111111111000000000011111111111
0000000000011111111110000000000011111111110000000000011111111111000000000011111111111000000000011111111111
0000000000011111111110000000000011111111110000000000011111111111000000000011111111111000000000011111111111
0000000000000000000000000000000000000000000000000000000000000000000000000000000000000000000000000000000000
1111111110000000001111111110000000011111111100000000011111111100000000011111111100000000111111111000000000
1111111110000000001111111110000000011111111100000000011111111100000000011111111100000000111111111000000001
1111111110000000001111111110000000011111111100000000011111111100000000011111111100000000111111111000000000
1111111110000000001111111110000000011111111100000000011111111100000000011111111100000000111111111000000001
1111111110000000001111111110000000011111111100000000011111111100000000011111111100000000111111111000000001
1111111110000000001111111110000000011111111100000000011111111100000000011111111100000000111111111000000001
1111111110000000001111111110000000011111111100000000011111111100000000011111111100000000111111111000000001
1111111110000000001111111110000000011111111100000000011111111100000000011111111100000000111111111000000000
----- 095.pbm -----
P1
106 17
0000000000011111111110000000000011111111110000000000011111111111000000000011111111111000000000011111111111
0000000000011111111110000000000011111111110000000000011111111111000000000011111111111000000000011111111111
0000000000011111111110000000000011111111110000000000011111111111000000000011111111111000000000011111111111
0000000000011111111110000000000011111111110000000000011111111111000000000011111111111000000000011111111111
0000000000011111111110000000000011111111110000000000011111111111000000000011111111111000000000011111111111
0000000000011111111110000000000011111111110000000000011111111111000000000011111111111000000000011111111111
0000000000011111111110000000000011111111110000000000011111111111000000000011111111111000000000011111111111
0000000000011111111110000000000011111111110000000000011111111111000000000011111111111000000000011111111111
0000000000000000000000000000000000000000000000000000000000000000000000000000000000000000000000000000000000
1111111110000000001111111110000000011111111100000000011111111100000000011111111100000000111111111000000000
1111111110000000001111111110000000011111111100000000011111111100000000011111111100000000111111111000000001
1111111110000000001111111110000000011111111100000000011111111100000000011111111100000000111111111000000000
1111111110000000001111111110000000011111111100000000011111111100000000011111111100000000111111111000000001
1111111110000000001111111110000000011111111100000000011111111100000000011111111100000000111111111000000001
1111111110000000001111111110000000011111111100000000011111111100000000011111111100000000111111111000000001
1111111110000000001111111110000000011111111100000000011111111100000000011111111100000000111111111000000001
1111111110000000001111111110000000011111111100000000011111111100000000011111111100000000111111111000000001
----- 096.pbm -----
P1
106 17
0000000000011111111110000000000011111111110000000000011111111111000000000011111111111000000000011111111111
0000000000011111111110000000000011111111110000000000011111111111000000000011111111111000000000011111111111
0000000000011111111110000000000011111111110000000000011111111111000000000011111111111000000000011111111111
0000000000011111111110000000000011111111110000000000011111111111000000000011111111111000000000011111111111
0000000000011111111110000000000011111111110000000000011111111111000000000011111111111000000000011111111111
0000000000011111111110000000000011111111110000000000011111111111000000000011111111111000000000011111111111
0000000000011111111110000000000011111111110000000000011111111111000000000011111111111000000000011111111111
0000000000011111111110000000000011111111110000000000011111111111000000000011111111111000000000011111111111
0000000000000000000000000000000000000000000000000000000000000000000000000000000000000000000000000000000000
1111111110000000001111111110000000011111111100000000011111111100000000011111111100000000111111111000000000
1111111110000000001111111110000000011111111100000000011111111100000000011111111100000000111111111000000001
1111111110000000001111111110000000011111111100000000011111111100000000011111111100000000111111111000000001
1111111110000000001111111110000000011111111100000000011111111100000000011111111100000000111111111000000000
1111111110000000001111111110000000011111111100000000011111111100000000011111111100000000111111111000000000
1111111110000000001111111110000000011111111100000000011111111100000000011111111100000000111111111000000000
1111111110000000001111111110000000011111111100000000011111111100000000011111111100000000111111111000000000
1111111110000000001111111110000000011111111100000000011111111100000000011111111100000000111111111000000000
----- 097_a.pbm -----
P1
106 17
0000000000011111111110000000000011111111110000000000011111111111000000000011111111111000000000011111111111
0000000000011111111110000000000011111111110000000000011111111111000000000011111111111000000000011111111111
0000000000011111111110000000000011111111110000000000011111111111000000000011111111111000000000011111111111
0000000000011111111110000000000011111111110000000000011111111111000000000011111111111000000000011111111111
0000000000011111111110000000000011111111110000000000011111111111000000000011111111111000000000011111111111
0000000000011111111110000000000011111111110000000000011111111111000000000011111111111000000000011111111111
0000000000011111111110000000000011111111110000000000011111111111000000000011111111111000000000011111111111
0000000000011111111110000000000011111111110000000000011111111111000000000011111111111000000000011111111111
0000000000000000000000000000000000000000000000000000000000000000000000000000000000000000000000000000000000
1111111110000000001111111110000000011111111100000000011111111100000000011111111100000000111111111000000000
1111111110000000001111111110000000011111111100000000011111111100000000011111111100000000111111111000000001
1111111110000000001111111110000000011111111100000000011111111100000000011111111100000000111111111000000001
1111111110000000001111111110000000011111111100000000011111111100000000011111111100000000111111111000000000
1111111110000000001111111110000000011111111100000000011111111100000000011111111100000000111111111000000000
1111111110000000001111111110000000011111111100000000011111111100000000011111111100000000111111111000000000
1111111110000000001111111110000000011111111100000000011111111100000000011111111100000000111111111000000000
1111111110000000001111111110000000011111111100000000011111111100000000011111111100000000111111111000000001
----- 098_b.pbm -----
P1
106 17
0000000000011111111110000000000011111111110000000000011111111111000000000011111111111000000000011111111111
0000000000011111111110000000000011111111110000000000011111111111000000000011111111111000000000011111111111
0000000000011111111110000000000011111111110000000000011111111111000000000011111111111000000000011111111111
0000000000011111111110000000000011111111110000000000011111111111000000000011111111111000000000011111111111
0000000000011111111110000000000011111111110000000000011111111111000000000011111111111000000000011111111111
0000000000011111111110000000000011111111110000000000011111111111000000000011111111111000000000011111111111
0000000000011111111110000000000011111111110000000000011111111111000000000011111111111000000000011111111111
0000000000011111111110000000000011111111110000000000011111111111000000000011111111111000000000011111111111
0000000000000000000000000000000000000000000000000000000000000000000000000000000000000000000000000000000000
1111111110000000001111111110000000011111111100000000011111111100000000011111111100000000111111111000000000
1111111110000000001111111110000000011111111100000000011111111100000000011111111100000000111111111000000001
1111111110000000001111111110000000011111111100000000011111111100000000011111111100000000111111111000000001
1111111110000000001111111110000000011111111100000000011111111100000000011111111100000000111111111000000000
1111111110000000001111111110000000011111111100000000011111111100000000011111111100000000111111111000000000
1111111110000000001111111110000000011111111100000000011111111100000000011111111100000000111111111000000000
1111111110000000001111111110000000011111111100000000011111111100000000011111111100000000111111111000000001
1111111110000000001111111110000000011111111100000000011111111100000000011111111100000000111111111000000000
----- 099_c.pbm -----
P1
106 17
0000000000011111111110000000000011111111110000000000011111111111000000000011111111111000000000011111111111
0000000000011111111110000000000011111111110000000000011111111111000000000011111111111000000000011111111111
0000000000011111111110000000000011111111110000000000011111111111000000000011111111111000000000011111111111
0000000000011111111110000000000011111111110000000000011111111111000000000011111111111000000000011111111111
0000000000011111111110000000000011111111110000000000011111111111000000000011111111111000000000011111111111
0000000000011111111110000000000011111111110000000000011111111111000000000011111111111000000000011111111111
0000000000011111111110000000000011111111110000000000011111111111000000000011111111111000000000011111111111
0000000000011111111110000000000011111111110000000000011111111111000000000011111111111000000000011111111111
0000000000000000000000000000000000000000000000000000000000000000000000000000000000000000000000000000000000
1111111110000000001111111110000000011111111100000000011111111100000000011111111100000000111111111000000000
1111111110000000001111111110000000011111111100000000011111111100000000011111111100000000111111111000000001
1111111110000000001111111110000000011111111100000000011111111100000000011111111100000000111111111000000001
1111111110000000001111111110000000011111111100000000011111111100000000011111111100000000111111111000000000
1111111110000000001111111110000000011111111100000000011111111100000000011111111100000000111111111000000000
1111111110000000001111111110000000011111111100000000011111111100000000011111111100000000111111111000000000
1111111110000000001111111110000000011111111100000000011111111100000000011111111100000000111111111000000001
1111111110000000001111111110000000011111111100000000011111111100000000011111111100000000111111111000000001
----- 100_d.pbm -----
P1
106 17
0000000000011111111110000000000011111111110000000000011111111111000000000011111111111000000000011111111111
0000000000011111111110000000000011111111110000000000011111111111000000000011111111111000000000011111111111
0000000000011111111110000000000011111111110000000000011111111111000000000011111111111000000000011111111111
0000000000011111111110000000000011111111110000000000011111111111000000000011111111111000000000011111111111
0000000000011111111110000000000011111111110000000000011111111111000000000011111111111000000000011111111111
0000000000011111111110000000000011111111110000000000011111111111000000000011111111111000000000011111111111
0000000000011111111110000000000011111111110000000000011111111111000000000011111111111000000000011111111111
0000000000011111111110000000000011111111110000000000011111111111000000000011111111111000000000011111111111
0000000000000000000000000000000000000000000000000000000000000000000000000000000000000000000000000000000000
1111111110000000001111111110000000011111111100000000011111111100000000011111111100000000111111111000000000
1111111110000000001111111110000000011111111100000000011111111100000000011111111100000000111111111000000001
1111111110000000001111111110000000011111111100000000011111111100000000011111111100000000111111111000000001
1111111110000000001111111110000000011111111100000000011111111100000000011111111100000000111111111000000000
1111111110000000001111111110000000011111111100000000011111111100000000011111111100000000111111111000000000
1111111110000000001111111110000000011111111100000000011111111100000000011111111100000000111111111000000001
1111111110000000001111111110000000011111111100000000011111111100000000011111111100000000111111111000000000
1111111110000000001111111110000000011111111100000000011111111100000000011111111100000000111111111000000000
----- 101_e.pbm -----
P1
106 17
0000000000011111111110000000000011111111110000000000011111111111000000000011111111111000000000011111111111
0000000000011111111110000000000011111111110000000000011111111111000000000011111111111000000000011111111111
0000000000011111111110000000000011111111110000000000011111111111000000000011111111111000000000011111111111
0000000000011111111110000000000011111111110000000000011111111111000000000011111111111000000000011111111111
0000000000011111111110000000000011111111110000000000011111111111000000000011111111111000000000011111111111
0000000000011111111110000000000011111111110000000000011111111111000000000011111111111000000000011111111111
0000000000011111111110000000000011111111110000000000011111111111000000000011111111111000000000011111111111
0000000000011111111110000000000011111111110000000000011111111111000000000011111111111000000000011111111111
0000000000000000000000000000000000000000000000000000000000000000000000000000000000000000000000000000000000
1111111110000000001111111110000000011111111100000000011111111100000000011111111100000000111111111000000000
1111111110000000001111111110000000011111111100000000011111111100000000011111111100000000111111111000000001
1111111110000000001111111110000000011111111100000000011111111100000000011111111100000000111111111000000001
1111111110000000001111111110000000011111111100000000011111111100000000011111111100000000111111111000000000
1111111110000000001111111110000000011111111100000000011111111100000000011111111100000000111111111000000000
1111111110000000001111111110000000011111111100000000011111111100000000011111111100000000111111111000000001
1111111110000000001111111110000000011111111100000000011111111100000000011111111100000000111111111000000000
1111111110000000001111111110000000011111111100000000011111111100000000011111111100000000111111111000000001
----- 102_f.pbm -----
P1
106 17
0000000000011111111110000000000011111111110000000000011111111111000000000011111111111000000000011111111111
0000000000011111111110000000000011111111110000000000011111111111000000000011111111111000000000011111111111
0000000000011111111110000000000011111111110000000000011111111111000000000011111111111000000000011111111111
0000000000011111111110000000000011111111110000000000011111111111000000000011111111111000000000011111111111
0000000000011111111110000000000011111111110000000000011111111111000000000011111111111000000000011111111111
0000000000011111111110000000000011111111110000000000011111111111000000000011111111111000000000011111111111
0000000000011111111110000000000011111111110000000000011111111111000000000011111111111000000000011111111111
0000000000011111111110000000000011111111110000000000011111111111000000000011111111111000000000011111111111
0000000000000000000000000000000000000000000000000000000000000000000000000000000000000000000000000000000000
1111111110000000001111111110000000011111111100000000011111111100000000011111111100000000111111111000000000
1111111110000000001111111110000000011111111100000000011111111100000000011111111100000000111111111000000001
1111111110000000001111111110000000011111111100000000011111111100000000011111111100000000111111111000000001
1111111110000000001111111110000000011111111100000000011111111100000000011111111100000000111111111000000000
1111111110000000001111111110000000011111111100000000011111111100000000011111111100000000111111111000000000
1111111110000000001111111110000000011111111100000000011111111100000000011111111100000000111111111000000001
1111111110000000001111111110000000011111111100000000011111111100000000011111111100000000111111111000000001
1111111110000000001111111110000000011111111100000000011111111100000000011111111100000000111111111000000000
----- 103_g.pbm -----
P1
106 17
0000000000011111111110000000000011111111110000000000011111111111000000000011111111111000000000011111111111
0000000000011111111110000000000011111111110000000000011111111111000000000011111111111000000000011111111111
0000000000011111111110000000000011111111110000000000011111111111000000000011111111111000000000011111111111
0000000000011111111110000000000011111111110000000000011111111111000000000011111111111000000000011111111111
0000000000011111111110000000000011111111110000000000011111111111000000000011111111111000000000011111111111
0000000000011111111110000000000011111111110000000000011111111111000000000011111111111000000000011111111111
0000000000011111111110000000000011111111110000000000011111111111000000000011111111111000000000011111111111
0000000000011111111110000000000011111111110000000000011111111111000000000011111111111000000000011111111111
0000000000000000000000000000000000000000000000000000000000000000000000000000000000000000000000000000000000
1111111110000000001111111110000000011111111100000000011111111100000000011111111100000000111111111000000000
1111111110000000001111111110000000011111111100000000011111111100000000011111111100000000111111111000000001
1111111110000000001111111110000000011111111100000000011111111100000000011111111100000000111111111000000001
1111111110000000001111111110000000011111111100000000011111111100000000011111111100000000111111111000000000
1111111110000000001111111110000000011111111100000000011111111100000000011111111100000000111111111000000000
1111111110000000001111111110000000011111111100000000011111111100000000011111111100000000111111111000000001
1111111110000000001111111110000000011111111100000000011111111100000000011111111100000000111111111000000001
1111111110000000001111111110000000011111111100000000011111111100000000011111111100000000111111111000000001
----- 104_h.pbm -----
P1
106 17
0000000000011111111110000000000011111111110000000000011111111111000000000011111111111000000000011111111111
0000000000011111111110000000000011111111110000000000011111111111000000000011111111111000000000011111111111
0000000000011111111110000000000011111111110000000000011111111111000000000011111111111000000000011111111111
0000000000011111111110000000000011111111110000000000011111111111000000000011111111111000000000011111111111
0000000000011111111110000000000011111111110000000000011111111111000000000011111111111000000000011111111111
0000000000011111111110000000000011111111110000000000011111111111000000000011111111111000000000011111111111
0000000000011111111110000000000011111111110000000000011111111111000000000011111111111000000000011111111111
0000000000011111111110000000000011111111110000000000011111111111000000000011111111111000000000011111111111
0000000000000000000000000000000000000000000000000000000000000000000000000000000000000000000000000000000000
1111111110000000001111111110000000011111111100000000011111111100000000011111111100000000111111111000000000
1111111110000000001111111110000000011111111100000000011111111100000000011111111100000000111111111000000001
1111111110000000001111111110000000011111111100000000011111111100000000011111111100000000111111111000000001
1111111110000000001111111110000000011111111100000000011111111100000000011111111100000000111111111000000000
1111111110000000001111111110000000011111111100000000011111111100000000011111111100000000111111111000000001
1111111110000000001111111110000000011111111100000000011111111100000000011111111100000000111111111000000000
1111111110000000001111111110000000011111111100000000011111111100000000011111111100000000111111111000000000
1111111110000000001111111110000000011111111100000000011111111100000000011111111100000000111111111000000000
----- 105_i.pbm -----
P1
106 17
0000000000011111111110000000000011111111110000000000011111111111000000000011111111111000000000011111111111
0000000000011111111110000000000011111111110000000000011111111111000000000011111111111000000000011111111111
0000000000011111111110000000000011111111110000000000011111111111000000000011111111111000000000011111111111
0000000000011111111110000000000011111111110000000000011111111111000000000011111111111000000000011111111111
0000000000011111111110000000000011111111110000000000011111111111000000000011111111111000000000011111111111
0000000000011111111110000000000011111111110000000000011111111111000000000011111111111000000000011111111111
0000000000011111111110000000000011111111110000000000011111111111000000000011111111111000000000011111111111
0000000000011111111110000000000011111111110000000000011111111111000000000011111111111000000000011111111111
0000000000000000000000000000000000000000000000000000000000000000000000000000000000000000000000000000000000
1111111110000000001111111110000000011111111100000000011111111100000000011111111100000000111111111000000000
1111111110000000001111111110000000011111111100000000011111111100000000011111111100000000111111111000000001
1111111110000000001111111110000000011111111100000000011111111100000000011111111100000000111111111000000001
1111111110000000001111111110000000011111111100000000011111111100000000011111111100000000111111111000000000
1111111110000000001111111110000000011111111100000000011111111100000000011111111100000000111111111000000001
1111111110000000001111111110000000011111111100000000011111111100000000011111111100000000111111111000000000
1111111110000000001111111110000000011111111100000000011111111100000000011111111100000000111111111000000000
1111111110000000001111111110000000011111111100000000011111111100000000011111111100000000111111111000000001
----- 106_j.pbm -----
P1
106 17
0000000000011111111110000000000011111111110000000000011111111111000000000011111111111000000000011111111111
0000000000011111111110000000000011111111110000000000011111111111000000000011111111111000000000011111111111
0000000000011111111110000000000011111111110000000000011111111111000000000011111111111000000000011111111111
0000000000011111111110000000000011111111110000000000011111111111000000000011111111111000000000011111111111
0000000000011111111110000000000011111111110000000000011111111111000000000011111111111000000000011111111111
0000000000011111111110000000000011111111110000000000011111111111000000000011111111111000000000011111111111
0000000000011111111110000000000011111111110000000000011111111111000000000011111111111000000000011111111111
0000000000011111111110000000000011111111110000000000011111111111000000000011111111111000000000011111111111
0000000000000000000000000000000000000000000000000000000000000000000000000000000000000000000000000000000000
1111111110000000001111111110000000011111111100000000011111111100000000011111111100000000111111111000000000
1111111110000000001111111110000000011111111100000000011111111100000000011111111100000000111111111000000001
1111111110000000001111111110000000011111111100000000011111111100000000011111111100000000111111111000000001
1111111110000000001111111110000000011111111100000000011111111100000000011111111100000000111111111000000000
1111111110000000001111111110000000011111111100000000011111111100000000011111111100000000111111111000000001
1111111110000000001111111110000000011111111100000000011111111100000000011111111100000000111111111000000000
1111111110000000001111111110000000011111111100000000011111111100000000011111111100000000111111111000000001
1111111110000000001111111110000000011111111100000000011111111100000000011111111100000000111111111000000000
----- 107_k.pbm -----
P1
106 17
0000000000011111111110000000000011111111110000000000011111111111000000000011111111111000000000011111111111
0000000000011111111110000000000011111111110000000000011111111111000000000011111111111000000000011111111111
0000000000011111111110000000000011111111110000000000011111111111000000000011111111111000000000011111111111
0000000000011111111110000000000011111111110000000000011111111111000000000011111111111000000000011111111111
0000000000011111111110000000000011111111110000000000011111111111000000000011111111111000000000011111111111
0000000000011111111110000000000011111111110000000000011111111111000000000011111111111000000000011111111111
0000000000011111111110000000000011111111110000000000011111111111000000000011111111111000000000011111111111
0000000000011111111110000000000011111111110000000000011111111111000000000011111111111000000000011111111111
0000000000000000000000000000000000000000000000000000000000000000000000000000000000000000000000000000000000
1111111110000000001111111110000000011111111100000000011111111100000000011111111100000000111111111000000000
1111111110000000001111111110000000011111111100000000011111111100000000011111111100000000111111111000000001
1111111110000000001111111110000000011111111100000000011111111100000000011111111100000000111111111000000001
1111111110000000001111111110000000011111111100000000011111111100000000011111111100000000111111111000000000
1111111110000000001111111110000000011111111100000000011111111100000000011111111100000000111111111000000001
1111111110000000001111111110000000011111111100000000011111111100000000011111111100000000111111111000000000
1111111110000000001111111110000000011111111100000000011111111100000000011111111100000000111111111000000001
1111111110000000001111111110000000011111111100000000011111111100000000011111111100000000111111111000000001
----- 108_l.pbm -----
P1
106 17
0000000000011111111110000000000011111111110000000000011111111111000000000011111111111000000000011111111111
0000000000011111111110000000000011111111110000000000011111111111000000000011111111111000000000011111111111
0000000000011111111110000000000011111111110000000000011111111111000000000011111111111000000000011111111111
0000000000011111111110000000000011111111110000000000011111111111000000000011111111111000000000011111111111
0000000000011111111110000000000011111111110000000000011111111111000000000011111111111000000000011111111111
0000000000011111111110000000000011111111110000000000011111111111000000000011111111111000000000011111111111
0000000000011111111110000000000011111111110000000000011111111111000000000011111111111000000000011111111111
0000000000011111111110000000000011111111110000000000011111111111000000000011111111111000000000011111111111
0000000000000000000000000000000000000000000000000000000000000000000000000000000000000000000000000000000000
1111111110000000001111111110000000011111111100000000011111111100000000011111111100000000111111111000000000
1111111110000000001111111110000000011111111100000000011111111100000000011111111100000000111111111000000001
1111111110000000001111111110000000011111111100000000011111111100000000011111111100000000111111111000000001
1111111110000000001111111110000000011111111100000000011111111100000000011111111100000000111111111000000000
1111111110000000001111111110000000011111111100000000011111111100000000011111111100000000111111111000000001
1111111110000000001111111110000000011111111100000000011111111100000000011111111100000000111111111000000001
1111111110000000001111111110000000011111111100000000011111111100000000011111111100000000111111111000000000
1111111110000000001111111110000000011111111100000000011111111100000000011111111100000000111111111000000000
----- 109_m.pbm -----
P1
106 17
0000000000011111111110000000000011111111110000000000011111111111000000000011111111111000000000011111111111
0000000000011111111110000000000011111111110000000000011111111111000000000011111111111000000000011111111111
0000000000011111111110000000000011111111110000000000011111111111000000000011111111111000000000011111111111
0000000000011111111110000000000011111111110000000000011111111111000000000011111111111000000000011111111111
0000000000011111111110000000000011111111110000000000011111111111000000000011111111111000000000011111111111
0000000000011111111110000000000011111111110000000000011111111111000000000011111111111000000000011111111111
0000000000011111111110000000000011111111110000000000011111111111000000000011111111111000000000011111111111
0000000000011111111110000000000011111111110000000000011111111111000000000011111111111000000000011111111111
0000000000000000000000000000000000000000000000000000000000000000000000000000000000000000000000000000000000
1111111110000000001111111110000000011111111100000000011111111100000000011111111100000000111111111000000000
1111111110000000001111111110000000011111111100000000011111111100000000011111111100000000111111111000000001
1111111110000000001111111110000000011111111100000000011111111100000000011111111100000000111111111000000001
1111111110000000001111111110000000011111111100000000011111111100000000011111111100000000111111111000000000
1111111110000000001111111110000000011111111100000000011111111100000000011111111100000000111111111000000001
1111111110000000001111111110000000011111111100000000011111111100000000011111111100000000111111111000000001
1111111110000000001111111110000000011111111100000000011111111100000000011111111100000000111111111000000000
1111111110000000001111111110000000011111111100000000011111111100000000011111111100000000111111111000000001
----- 110_n.pbm -----
P1
106 17
0000000000011111111110000000000011111111110000000000011111111111000000000011111111111000000000011111111111
0000000000011111111110000000000011111111110000000000011111111111000000000011111111111000000000011111111111
0000000000011111111110000000000011111111110000000000011111111111000000000011111111111000000000011111111111
0000000000011111111110000000000011111111110000000000011111111111000000000011111111111000000000011111111111
0000000000011111111110000000000011111111110000000000011111111111000000000011111111111000000000011111111111
0000000000011111111110000000000011111111110000000000011111111111000000000011111111111000000000011111111111
0000000000011111111110000000000011111111110000000000011111111111000000000011111111111000000000011111111111
0000000000011111111110000000000011111111110000000000011111111111000000000011111111111000000000011111111111
0000000000000000000000000000000000000000000000000000000000000000000000000000000000000000000000000000000000
1111111110000000001111111110000000011111111100000000011111111100000000011111111100000000111111111000000000
1111111110000000001111111110000000011111111100000000011111111100000000011111111100000000111111111000000001
1111111110000000001111111110000000011111111100000000011111111100000000011111111100000000111111111000000001
1111111110000000001111111110000000011111111100000000011111111100000000011111111100000000111111111000000000
1111111110000000001111111110000000011111111100000000011111111100000000011111111100000000111111111000000001
1111111110000000001111111110000000011111111100000000011111111100000000011111111100000000111111111000000001
1111111110000000001111111110000000011111111100000000011111111100000000011111111100000000111111111000000001
1111111110000000001111111110000000011111111100000000011111111100000000011111111100000000111111111000000000
----- 111_o.pbm -----
P1
106 17
0000000000011111111110000000000011111111110000000000011111111111000000000011111111111000000000011111111111
0000000000011111111110000000000011111111110000000000011111111111000000000011111111111000000000011111111111
0000000000011111111110000000000011111111110000000000011111111111000000000011111111111000000000011111111111
0000000000011111111110000000000011111111110000000000011111111111000000000011111111111000000000011111111111
0000000000011111111110000000000011111111110000000000011111111111000000000011111111111000000000011111111111
0000000000011111111110000000000011111111110000000000011111111111000000000011111111111000000000011111111111
0000000000011111111110000000000011111111110000000000011111111111000000000011111111111000000000011111111111
0000000000011111111110000000000011111111110000000000011111111111000000000011111111111000000000011111111111
0000000000000000000000000000000000000000000000000000000000000000000000000000000000000000000000000000000000
1111111110000000001111111110000000011111111100000000011111111100000000011111111100000000111111111000000000
1111111110000000001111111110000000011111111100000000011111111100000000011111111100000000111111111000000001
1111111110000000001111111110000000011111111100000000011111111100000000011111111100000000111111111000000001
1111111110000000001111111110000000011111111100000000011111111100000000011111111100000000111111111000000000
1111111110000000001111111110000000011111111100000000011111111100000000011111111100000000111111111000000001
1111111110000000001111111110000000011111111100000000011111111100000000011111111100000000111111111000000001
1111111110000000001111111110000000011111111100000000011111111100000000011111111100000000111111111000000001
1111111110000000001111111110000000011111111100000000011111111100000000011111111100000000111111111000000001
----- 112_p.pbm -----
P1
106 17
0000000000011111111110000000000011111111110000000000011111111111000000000011111111111000000000011111111111
0000000000011111111110000000000011111111110000000000011111111111000000000011111111111000000000011111111111
0000000000011111111110000000000011111111110000000000011111111111000000000011111111111000000000011111111111
0000000000011111111110000000000011111111110000000000011111111111000000000011111111111000000000011111111111
0000000000011111111110000000000011111111110000000000011111111111000000000011111111111000000000011111111111
0000000000011111111110000000000011111111110000000000011111111111000000000011111111111000000000011111111111
0000000000011111111110000000000011111111110000000000011111111111000000000011111111111000000000011111111111
0000000000011111111110000000000011111111110000000000011111111111000000000011111111111000000000011111111111
0000000000000000000000000000000000000000000000000000000000000000000000000000000000000000000000000000000000
1111111110000000001111111110000000011111111100000000011111111100000000011111111100000000111111111000000000
1111111110000000001111111110000000011111111100000000011111111100000000011111111100000000111111111000000001
1111111110000000001111111110000000011111111100000000011111111100000000011111111100000000111111111000000001
1111111110000000001111111110000000011111111100000000011111111100000000011111111100000000111111111000000001
1111111110000000001111111110000000011111111100000000011111111100000000011111111100000000111111111000000000
1111111110000000001111111110000000011111111100000000011111111100000000011111111100000000111111111000000000
1111111110000000001111111110000000011111111100000000011111111100000000011111111100000000111111111000000000
1111111110000000001111111110000000011111111100000000011111111100000000011111111100000000111111111000000000
----- 113_q.pbm -----
P1
106 17
0000000000011111111110000000000011111111110000000000011111111111000000000011111111111000000000011111111111
0000000000011111111110000000000011111111110000000000011111111111000000000011111111111000000000011111111111
0000000000011111111110000000000011111111110000000000011111111111000000000011111111111000000000011111111111
0000000000011111111110000000000011111111110000000000011111111111000000000011111111111000000000011111111111
0000000000011111111110000000000011111111110000000000011111111111000000000011111111111000000000011111111111
0000000000011111111110000000000011111111110000000000011111111111000000000011111111111000000000011111111111
0000000000011111111110000000000011111111110000000000011111111111000000000011111111111000000000011111111111
0000000000011111111110000000000011111111110000000000011111111111000000000011111111111000000000011111111111
0000000000000000000000000000000000000000000000000000000000000000000000000000000000000000000000000000000000
1111111110000000001111111110000000011111111100000000011111111100000000011111111100000000111111111000000000
1111111110000000001111111110000000011111111100000000011111111100000000011111111100000000111111111000000001
1111111110000000001111111110000000011111111100000000011111111100000000011111111100000000111111111000000001
1111111110000000001111111110000000011111111100000000011111111100000000011111111100000000111111111000000001
1111111110000000001111111110000000011111111100000000011111111100000000011111111100000000111111111000000000
1111111110000000001111111110000000011111111100000000011111111100000000011111111100000000111111111000000000
1111111110000000001111111110000000011111111100000000011111111100000000011111111100000000111111111000000000
1111111110000000001111111110000000011111111100000000011111111100000000011111111100000000111111111000000001
----- 114_r.pbm -----
P1
106 17
0000000000011111111110000000000011111111110000000000011111111111000000000011111111111000000000011111111111
0000000000011111111110000000000011111111110000000000011111111111000000000011111111111000000000011111111111
0000000000011111111110000000000011111111110000000000011111111111000000000011111111111000000000011111111111
0000000000011111111110000000000011111111110000000000011111111111000000000011111111111000000000011111111111
0000000000011111111110000000000011111111110000000000011111111111000000000011111111111000000000011111111111
0000000000011111111110000000000011111111110000000000011111111111000000000011111111111000000000011111111111
0000000000011111111110000000000011111111110000000000011111111111000000000011111111111000000000011111111111
0000000000011111111110000000000011111111110000000000011111111111000000000011111111111000000000011111111111
0000000000000000000000000000000000000000000000000000000000000000000000000000000000000000000000000000000000
1111111110000000001111111110000000011111111100000000011111111100000000011111111100000000111111111000000000
1111111110000000001111111110000000011111111100000000011111111100000000011111111100000000111111111000000001
1111111110000000001111111110000000011111111100000000011111111100000000011111111100000000111111111000000001
1111111110000000001111111110000000011111111100000000011111111100000000011111111100000000111111111000000001
1111111110000000001111111110000000011111111100000000011111111100000000011111111100000000111111111000000000
1111111110000000001111111110000000011111111100000000011111111100000000011111111100000000111111111000000000
1111111110000000001111111110000000011111111100000000011111111100000000011111111100000000111111111000000001
1111111110000000001111111110000000011111111100000000011111111100000000011111111100000000111111111000000000
----- 115_s.pbm -----
P1
106 17
0000000000011111111110000000000011111111110000000000011111111111000000000011111111111000000000011111111111
0000000000011111111110000000000011111111110000000000011111111111000000000011111111111000000000011111111111
0000000000011111111110000000000011111111110000000000011111111111000000000011111111111000000000011111111111
0000000000011111111110000000000011111111110000000000011111111111000000000011111111111000000000011111111111
0000000000011111111110000000000011111111110000000000011111111111000000000011111111111000000000011111111111
0000000000011111111110000000000011111111110000000000011111111111000000000011111111111000000000011111111111
0000000000011111111110000000000011111111110000000000011111111111000000000011111111111000000000011111111111
0000000000011111111110000000000011111111110000000000011111111111000000000011111111111000000000011111111111
0000000000000000000000000000000000000000000000000000000000000000000000000000000000000000000000000000000000
1111111110000000001111111110000000011111111100000000011111111100000000011111111100000000111111111000000000
1111111110000000001111111110000000011111111100000000011111111100000000011111111100000000111111111000000001
1111111110000000001111111110000000011111111100000000011111111100000000011111111100000000111111111000000001
1111111110000000001111111110000000011111111100000000011111111100000000011111111100000000111111111000000001
1111111110000000001111111110000000011111111100000000011111111100000000011111111100000000111111111000000000
1111111110000000001111111110000000011111111100000000011111111100000000011111111100000000111111111000000000
1111111110000000001111111110000000011111111100000000011111111100000000011111111100000000111111111000000001
1111111110000000001111111110000000011111111100000000011111111100000000011111111100000000111111111000000001
----- 116_t.pbm -----
P1
106 17
0000000000011111111110000000000011111111110000000000011111111111000000000011111111111000000000011111111111
0000000000011111111110000000000011111111110000000000011111111111000000000011111111111000000000011111111111
0000000000011111111110000000000011111111110000000000011111111111000000000011111111111000000000011111111111
0000000000011111111110000000000011111111110000000000011111111111000000000011111111111000000000011111111111
0000000000011111111110000000000011111111110000000000011111111111000000000011111111111000000000011111111111
0000000000011111111110000000000011111111110000000000011111111111000000000011111111111000000000011111111111
0000000000011111111110000000000011111111110000000000011111111111000000000011111111111000000000011111111111
0000000000011111111110000000000011111111110000000000011111111111000000000011111111111000000000011111111111
0000000000000000000000000000000000000000000000000000000000000000000000000000000000000000000000000000000000
1111111110000000001111111110000000011111111100000000011111111100000000011111111100000000111111111000000000
1111111110000000001111111110000000011111111100000000011111111100000000011111111100000000111111111000000001
1111111110000000001111111110000000011111111100000000011111111100000000011111111100000000111111111000000001
1111111110000000001111111110000000011111111100000000011111111100000000011111111100000000111111111000000001
1111111110000000001111111110000000011111111100000000011111111100000000011111111100000000111111111000000000
1111111110000000001111111110000000011111111100000000011111111100000000011111111100000000111111111000000001
1111111110000000001111111110000000011111111100000000011111111100000000011111111100000000111111111000000000
1111111110000000001111111110000000011111111100000000011111111100000000011111111100000000111111111000000000
----- 117_u.pbm -----
P1
106 17
0000000000011111111110000000000011111111110000000000011111111111000000000011111111111000000000011111111111
0000000000011111111110000000000011111111110000000000011111111111000000000011111111111000000000011111111111
0000000000011111111110000000000011111111110000000000011111111111000000000011111111111000000000011111111111
0000000000011111111110000000000011111111110000000000011111111111000000000011111111111000000000011111111111
0000000000011111111110000000000011111111110000000000011111111111000000000011111111111000000000011111111111
0000000000011111111110000000000011111111110000000000011111111111000000000011111111111000000000011111111111
0000000000011111111110000000000011111111110000000000011111111111000000000011111111111000000000011111111111
0000000000011111111110000000000011111111110000000000011111111111000000000011111111111000000000011111111111
0000000000000000000000000000000000000000000000000000000000000000000000000000000000000000000000000000000000
1111111110000000001111111110000000011111111100000000011111111100000000011111111100000000111111111000000000
1111111110000000001111111110000000011111111100000000011111111100000000011111111100000000111111111000000001
1111111110000000001111111110000000011111111100000000011111111100000000011111111100000000111111111000000001
1111111110000000001111111110000000011111111100000000011111111100000000011111111100000000111111111000000001
1111111110000000001111111110000000011111111100000000011111111100000000011111111100000000111111111000000000
1111111110000000001111111110000000011111111100000000011111111100000000011111111100000000111111111000000001
1111111110000000001111111110000000011111111100000000011111111100000000011111111100000000111111111000000000
1111111110000000001111111110000000011111111100000000011111111100000000011111111100000000111111111000000001
----- 118_v.pbm -----
P1
106 17
0000000000011111111110000000000011111111110000000000011111111111000000000011111111111000000000011111111111
0000000000011111111110000000000011111111110000000000011111111111000000000011111111111000000000011111111111
0000000000011111111110000000000011111111110000000000011111111111000000000011111111111000000000011111111111
0000000000011111111110000000000011111111110000000000011111111111000000000011111111111000000000011111111111
0000000000011111111110000000000011111111110000000000011111111111000000000011111111111000000000011111111111
0000000000011111111110000000000011111111110000000000011111111111000000000011111111111000000000011111111111
0000000000011111111110000000000011111111110000000000011111111111000000000011111111111000000000011111111111
0000000000011111111110000000000011111111110000000000011111111111000000000011111111111000000000011111111111
0000000000000000000000000000000000000000000000000000000000000000000000000000000000000000000000000000000000
1111111110000000001111111110000000011111111100000000011111111100000000011111111100000000111111111000000000
1111111110000000001111111110000000011111111100000000011111111100000000011111111100000000111111111000000001
1111111110000000001111111110000000011111111100000000011111111100000000011111111100000000111111111000000001
1111111110000000001111111110000000011111111100000000011111111100000000011111111100000000111111111000000001
1111111110000000001111111110000000011111111100000000011111111100000000011111111100000000111111111000000000
1111111110000000001111111110000000011111111100000000011111111100000000011111111100000000111111111000000001
1111111110000000001111111110000000011111111100000000011111111100000000011111111100000000111111111000000001
1111111110000000001111111110000000011111111100000000011111111100000000011111111100000000111111111000000000
----- 119_w.pbm -----
P1
106 17
0000000000011111111110000000000011111111110000000000011111111111000000000011111111111000000000011111111111
0000000000011111111110000000000011111111110000000000011111111111000000000011111111111000000000011111111111
0000000000011111111110000000000011111111110000000000011111111111000000000011111111111000000000011111111111
0000000000011111111110000000000011111111110000000000011111111111000000000011111111111000000000011111111111
0000000000011111111110000000000011111111110000000000011111111111000000000011111111111000000000011111111111
0000000000011111111110000000000011111111110000000000011111111111000000000011111111111000000000011111111111
0000000000011111111110000000000011111111110000000000011111111111000000000011111111111000000000011111111111
0000000000011111111110000000000011111111110000000000011111111111000000000011111111111000000000011111111111
0000000000000000000000000000000000000000000000000000000000000000000000000000000000000000000000000000000000
1111111110000000001111111110000000011111111100000000011111111100000000011111111100000000111111111000000000
1111111110000000001111111110000000011111111100000000011111111100000000011111111100000000111111111000000001
1111111110000000001111111110000000011111111100000000011111111100000000011111111100000000111111111000000001
1111111110000000001111111110000000011111111100000000011111111100000000011111111100000000111111111000000001
1111111110000000001111111110000000011111111100000000011111111100000000011111111100000000111111111000000000
1111111110000000001111111110000000011111111100000000011111111100000000011111111100000000111111111000000001
1111111110000000001111111110000000011111111100000000011111111100000000011111111100000000111111111000000001
1111111110000000001111111110000000011111111100000000011111111100000000011111111100000000111111111000000001
----- 120_x.pbm -----
P1
106 17
0000000000011111111110000000000011111111110000000000011111111111000000000011111111111000000000011111111111
0000000000011111111110000000000011111111110000000000011111111111000000000011111111111000000000011111111111
0000000000011111111110000000000011111111110000000000011111111111000000000011111111111000000000011111111111
0000000000011111111110000000000011111111110000000000011111111111000000000011111111111000000000011111111111
0000000000011111111110000000000011111111110000000000011111111111000000000011111111111000000000011111111111
0000000000011111111110000000000011111111110000000000011111111111000000000011111111111000000000011111111111
0000000000011111111110000000000011111111110000000000011111111111000000000011111111111000000000011111111111
0000000000011111111110000000000011111111110000000000011111111111000000000011111111111000000000011111111111
0000000000000000000000000000000000000000000000000000000000000000000000000000000000000000000000000000000000
1111111110000000001111111110000000011111111100000000011111111100000000011111111100000000111111111000000000
1111111110000000001111111110000000011111111100000000011111111100000000011111111100000000111111111000000001
1111111110000000001111111110000000011111111100000000011111111100000000011111111100000000111111111000000001
1111111110000000001111111110000000011111111100000000011111111100000000011111111100000000111111111000000001
1111111110000000001111111110000000011111111100000000011111111100000000011111111100000000111111111000000001
1111111110000000001111111110000000011111111100000000011111111100000000011111111100000000111111111000000000
1111111110000000001111111110000000011111111100000000011111111100000000011111111100000000111111111000000000
1111111110000000001111111110000000011111111100000000011111111100000000011111111100000000111111111000000000
----- 121_y.pbm -----
P1
106 17
0000000000011111111110000000000011111111110000000000011111111111000000000011111111111000000000011111111111
0000000000011111111110000000000011111111110000000000011111111111000000000011111111111000000000011111111111
0000000000011111111110000000000011111111110000000000011111111111000000000011111111111000000000011111111111
0000000000011111111110000000000011111111110000000000011111111111000000000011111111111000000000011111111111
0000000000011111111110000000000011111111110000000000011111111111000000000011111111111000000000011111111111
0000000000011111111110000000000011111111110000000000011111111111000000000011111111111000000000011111111111
0000000000011111111110000000000011111111110000000000011111111111000000000011111111111000000000011111111111
0000000000011111111110000000000011111111110000000000011111111111000000000011111111111000000000011111111111
0000000000000000000000000000000000000000000000000000000000000000000000000000000000000000000000000000000000
1111111110000000001111111110000000011111111100000000011111111100000000011111111100000000111111111000000000
1111111110000000001111111110000000011111111100000000011111111100000000011111111100000000111111111000000001
1111111110000000001111111110000000011111111100000000011111111100000000011111111100000000111111111000000001
1111111110000000001111111110000000011111111100000000011111111100000000011111111100000000111111111000000001
1111111110000000001111111110000000011111111100000000011111111100000000011111111100000000111111111000000001
1111111110000000001111111110000000011111111100000000011111111100000000011111111100000000111111111000000000
1111111110000000001111111110000000011111111100000000011111111100000000011111111100000000111111111000000000
1111111110000000001111111110000000011111111100000000011111111100000000011111111100000000111111111000000001
----- 122_z.pbm -----
P1
106 17
0000000000011111111110000000000011111111110000000000011111111111000000000011111111111000000000011111111111
0000000000011111111110000000000011111111110000000000011111111111000000000011111111111000000000011111111111
0000000000011111111110000000000011111111110000000000011111111111000000000011111111111000000000011111111111
0000000000011111111110000000000011111111110000000000011111111111000000000011111111111000000000011111111111
0000000000011111111110000000000011111111110000000000011111111111000000000011111111111000000000011111111111
0000000000011111111110000000000011111111110000000000011111111111000000000011111111111000000000011111111111
0000000000011111111110000000000011111111110000000000011111111111000000000011111111111000000000011111111111
0000000000011111111110000000000011111111110000000000011111111111000000000011111111111000000000011111111111
0000000000000000000000000000000000000000000000000000000000000000000000000000000000000000000000000000000000
1111111110000000001111111110000000011111111100000000011111111100000000011111111100000000111111111000000000
1111111110000000001111111110000000011111111100000000011111111100000000011111111100000000111111111000000001
1111111110000000001111111110000000011111111100000000011111111100000000011111111100000000111111111000000001
1111111110000000001111111110000000011111111100000000011111111100000000011111111100000000111111111000000001
1111111110000000001111111110000000011111111100000000011111111100000000011111111100000000111111111000000001
1111111110000000001111111110000000011111111100000000011111111100000000011111111100000000111111111000000000
1111111110000000001111111110000000011111111100000000011111111100000000011111111100000000111111111000000001
1111111110000000001111111110000000011111111100000000011111111100000000011111111100000000111111111000000000
----- 123.pbm -----
P1
106 17
0000000000011111111110000000000011111111110000000000011111111111000000000011111111111000000000011111111111
0000000000011111111110000000000011111111110000000000011111111111000000000011111111111000000000011111111111
0000000000011111111110000000000011111111110000000000011111111111000000000011111111111000000000011111111111
0000000000011111111110000000000011111111110000000000011111111111000000000011111111111000000000011111111111
0000000000011111111110000000000011111111110000000000011111111111000000000011111111111000000000011111111111
0000000000011111111110000000000011111111110000000000011111111111000000000011111111111000000000011111111111
0000000000011111111110000000000011111111110000000000011111111111000000000011111111111000000000011111111111
0000000000011111111110000000000011111111110000000000011111111111000000000011111111111000000000011111111111
0000000000000000000000000000000000000000000000000000000000000000000000000000000000000000000000000000000000
1111111110000000001111111110000000011111111100000000011111111100000000011111111100000000111111111000000000
1111111110000000001111111110000000011111111100000000011111111100000000011111111100000000111111111000000001
1111111110000000001111111110000000011111111100000000011111111100000000011111111100000000111111111000000001
1111111110000000001111111110000000011111111100000000011111111100000000011111111100000000111111111000000001
1111111110000000001111111110000000011111111100000000011111111100000000011111111100000000111111111000000001
1111111110000000001111111110000000011111111100000000011111111100000000011111111100000000111111111000000000
1111111110000000001111111110000000011111111100000000011111111100000000011111111100000000111111111000000001
1111111110000000001111111110000000011111111100000000011111111100000000011111111100000000111111111000000001
----- 124.pbm -----
P1
106 17
0000000000011111111110000000000011111111110000000000011111111111000000000011111111111000000000011111111111
0000000000011111111110000000000011111111110000000000011111111111000000000011111111111000000000011111111111
0000000000011111111110000000000011111111110000000000011111111111000000000011111111111000000000011111111111
0000000000011111111110000000000011111111110000000000011111111111000000000011111111111000000000011111111111
0000000000011111111110000000000011111111110000000000011111111111000000000011111111111000000000011111111111
0000000000011111111110000000000011111111110000000000011111111111000000000011111111111000000000011111111111
0000000000011111111110000000000011111111110000000000011111111111000000000011111111111000000000011111111111
0000000000011111111110000000000011111111110000000000011111111111000000000011111111111000000000011111111111
0000000000000000000000000000000000000000000000000000000000000000000000000000000000000000000000000000000000
1111111110000000001111111110000000011111111100000000011111111100000000011111111100000000111111111000000000
1111111110000000001111111110000000011111111100000000011111111100000000011111111100000000111111111000000001
1111111110000000001111111110000000011111111100000000011111111100000000011111111100000000111111111000000001
1111111110000000001111111110000000011111111100000000011111111100000000011111111100000000111111111000000001
1111111110000000001111111110000000011111111100000000011111111100000000011111111100000000111111111000000001
1111111110000000001111111110000000011111111100000000011111111100000000011111111100000000111111111000000001
1111111110000000001111111110000000011111111100000000011111111100000000011111111100000000111111111000000000
1111111110000000001111111110000000011111111100000000011111111100000000011111111100000000111111111000000000
----- 125.pbm -----
P1
106 17
0000000000011111111110000000000011111111110000000000011111111111000000000011111111111000000000011111111111
0000000000011111111110000000000011111111110000000000011111111111000000000011111111111000000000011111111111
0000000000011111111110000000000011111111110000000000011111111111000000000011111111111000000000011111111111
0000000000011111111110000000000011111111110000000000011111111111000000000011111111111000000000011111111111
0000000000011111111110000000000011111111110000000000011111111111000000000011111111111000000000011111111111
0000000000011111111110000000000011111111110000000000011111111111000000000011111111111000000000011111111111
0000000000011111111110000000000011111111110000000000011111111111000000000011111111111000000000011111111111
0000000000011111111110000000000011111111110000000000011111111111000000000011111111111000000000011111111111
0000000000000000000000000000000000000000000000000000000000000000000000000000000000000000000000000000000000
1111111110000000001111111110000000011111111100000000011111111100000000011111111100000000111111111000000000
1111111110000000001111111110000000011111111100000000011111111100000000011111111100000000111111111000000001
1111111110000000001111111110000000011111111100000000011111111100000000011111111100000000111111111000000001
1111111110000000001111111110000000011111111100000000011111111100000000011111111100000000111111111000000001
1111111110000000001111111110000000011111111100000000011111111100000000011111111100000000111111111000000001
1111111110000000001111111110000000011111111100000000011111111100000000011111111100000000111111111000000001
1111111110000000001111111110000000011111111100000000011111111100000000011111111100000000111111111000000000
1111111110000000001111111110000000011111111100000000011111111100000000011111111100000000111111111000000001
----- 126.pbm -----
P1
106 17
0000000000011111111110000000000011111111110000000000011111111111000000000011111111111000000000011111111111
0000000000011111111110000000000011111111110000000000011111111111000000000011111111111000000000011111111111
0000000000011111111110000000000011111111110000000000011111111111000000000011111111111000000000011111111111
0000000000011111111110000000000011111111110000000000011111111111000000000011111111111000000000011111111111
0000000000011111111110000000000011111111110000000000011111111111000000000011111111111000000000011111111111
0000000000011111111110000000000011111111110000000000011111111111000000000011111111111000000000011111111111
0000000000011111111110000000000011111111110000000000011111111111000000000011111111111000000000011111111111
0000000000011111111110000000000011111111110000000000011111111111000000000011111111111000000000011111111111
0000000000000000000000000000000000000000000000000000000000000000000000000000000000000000000000000000000000
1111111110000000001111111110000000011111111100000000011111111100000000011111111100000000111111111000000000
1111111110000000001111111110000000011111111100000000011111111100000000011111111100000000111111111000000001
1111111110000000001111111110000000011111111100000000011111111100000000011111111100000000111111111000000001
1111111110000000001111111110000000011111111100000000011111111100000000011111111100000000111111111000000001
1111111110000000001111111110000000011111111100000000011111111100000000011111111100000000111111111000000001
1111111110000000001111111110000000011111111100000000011111111100000000011111111100000000111111111000000001
1111111110000000001111111110000000011111111100000000011111111100000000011111111100000000111111111000000001
1111111110000000001111111110000000011111111100000000011111111100000000011111111100000000111111111000000000
----- 127.pbm -----
P1
106 17
0000000000011111111110000000000011111111110000000000011111111111000000000011111111111000000000011111111111
0000000000011111111110000000000011111111110000000000011111111111000000000011111111111000000000011111111111
0000000000011111111110000000000011111111110000000000011111111111000000000011111111111000000000011111111111
0000000000011111111110000000000011111111110000000000011111111111000000000011111111111000000000011111111111
0000000000011111111110000000000011111111110000000000011111111111000000000011111111111000000000011111111111
0000000000011111111110000000000011111111110000000000011111111111000000000011111111111000000000011111111111
0000000000011111111110000000000011111111110000000000011111111111000000000011111111111000000000011111111111
0000000000011111111110000000000011111111110000000000011111111111000000000011111111111000000000011111111111
0000000000000000000000000000000000000000000000000000000000000000000000000000000000000000000000000000000000
1111111110000000001111111110000000011111111100000000011111111100000000011111111100000000111111111000000000
1111111110000000001111111110000000011111111100000000011111111100000000011111111100000000111111111000000001
1111111110000000001111111110000000011111111100000000011111111100000000011111111100000000111111111000000001
1111111110000000001111111110000000011111111100000000011111111100000000011111111100000000111111111000000001
1111111110000000001111111110000000011111111100000000011111111100000000011111111100000000111111111000000001
1111111110000000001111111110000000011111111100000000011111111100000000011111111100000000111111111000000001
1111111110000000001111111110000000011111111100000000011111111100000000011111111100000000111111111000000001
1111111110000000001111111110000000011111111100000000011111111100000000011111111100000000111111111000000001
----- varnier_exact.pbm -----
P1
106 17
0000000000011111111110000000000011111111110000000000011111111111000000000011111111111000000000011111111111
0000000000011111111110000000000011111111110000000000011111111111000000000011111111111000000000011111111111
0000000000011111111110000000000011111111110000000000011111111111000000000011111111111000000000011111111111
0000000000011111111110000000000011111111110000000000011111111111000000000011111111111000000000011111111111
0000000000011111111110000000000011111111110000000000011111111111000000000011111111111000000000011111111111
0000000000011111111110000000000011111111110000000000011111111111000000000011111111111000000000011111111111
0000000000011111111110000000000011111111110000000000011111111111000000000011111111111000000000011111111111
0000000000011111111110000000000011111111110000000000011111111111000000000011111111111000000000011111111111
0000000000000000000000000000000000000000000000000000000000000000000000000000000000000000000000000000000000
1111111110000000001111111110000000011111111100000000011111111100000000011111111100000000111111111000000000
1111111110000000001111111110000000011111111100000000011111111100000000011111111100000000111111111000000000
1111111110000000001111111110000000011111111100000000011111111100000000011111111100000000111111111000000000
1111111110000000001111111110000000011111111100000000011111111100000000011111111100000000111111111000000000
1111111110000000001111111110000000011111111100000000011111111100000000011111111100000000111111111000000000
1111111110000000001111111110000000011111111100000000011111111100000000011111111100000000111111111000000000
1111111110000000001111111110000000011111111100000000011111111100000000011111111100000000111111111000000000
1111111110000000001111111110000000011111111100000000011111111100000000011111111100000000111111111000000000
----- 000.pbm -----
P1
106 17
0000000000011111111110000000000011111111110000000000011111111111000000000011111111111000000000011111111111
0000000000011111111110000000000011111111110000000000011111111111000000000011111111111000000000011111111111
0000000000011111111110000000000011111111110000000000011111111111000000000011111111111000000000011111111111
0000000000011111111110000000000011111111110000000000011111111111000000000011111111111000000000011111111111
0000000000011111111110000000000011111111110000000000011111111111000000000011111111111000000000011111111111
0000000000011111111110000000000011111111110000000000011111111111000000000011111111111000000000011111111111
0000000000011111111110000000000011111111110000000000011111111111000000000011111111111000000000011111111111
0000000000011111111110000000000011111111110000000000011111111111000000000011111111111000000000011111111111
0000000000000000000000000000000000000000000000000000000000000000000000000000000000000000000000000000000000
1111111110000000001111111110000000011111111100000000011111111100000000011111111100000000111111111000000001
1111111110000000001111111110000000011111111100000000011111111100000000011111111100000000111111111000000000
1111111110000000001111111110000000011111111100000000011111111100000000011111111100000000111111111000000000
1111111110000000001111111110000000011111111100000000011111111100000000011111111100000000111111111000000000
1111111110000000001111111110000000011111111100000000011111111100000000011111111100000000111111111000000000
1111111110000000001111111110000000011111111100000000011111111100000000011111111100000000111111111000000000
1111111110000000001111111110000000011111111100000000011111111100000000011111111100000000111111111000000000
1111111110000000001111111110000000011111111100000000011111111100000000011111111100000000111111111000000000
----- 001.pbm -----
P1
106 17
0000000000011111111110000000000011111111110000000000011111111111000000000011111111111000000000011111111111
0000000000011111111110000000000011111111110000000000011111111111000000000011111111111000000000011111111111
0000000000011111111110000000000011111111110000000000011111111111000000000011111111111000000000011111111111
0000000000011111111110000000000011111111110000000000011111111111000000000011111111111000000000011111111111
0000000000011111111110000000000011111111110000000000011111111111000000000011111111111000000000011111111111
0000000000011111111110000000000011111111110000000000011111111111000000000011111111111000000000011111111111
0000000000011111111110000000000011111111110000000000011111111111000000000011111111111000000000011111111111
0000000000011111111110000000000011111111110000000000011111111111000000000011111111111000000000011111111111
0000000000000000000000000000000000000000000000000000000000000000000000000000000000000000000000000000000000
1111111110000000001111111110000000011111111100000000011111111100000000011111111100000000111111111000000000
1111111110000000001111111110000000011111111100000000011111111100000000011111111100000000111111111000000000
1111111110000000001111111110000000011111111100000000011111111100000000011111111100000000111111111000000000
1111111110000000001111111110000000011111111100000000011111111100000000011111111100000000111111111000000000
1111111110000000001111111110000000011111111100000000011111111100000000011111111100000000111111111000000000
1111111110000000001111111110000000011111111100000000011111111100000000011111111100000000111111111000000000
1111111110000000001111111110000000011111111100000000011111111100000000011111111100000000111111111000000000
1111111110000000001111111110000000011111111100000000011111111100000000011111111100000000111111111000000001
----- 002.pbm -----
P1
106 17
0000000000011111111110000000000011111111110000000000011111111111000000000011111111111000000000011111111111
0000000000011111111110000000000011111111110000000000011111111111000000000011111111111000000000011111111111
0000000000011111111110000000000011111111110000000000011111111111000000000011111111111000000000011111111111
0000000000011111111110000000000011111111110000000000011111111111000000000011111111111000000000011111111111
0000000000011111111110000000000011111111110000000000011111111111000000000011111111111000000000011111111111
0000000000011111111110000000000011111111110000000000011111111111000000000011111111111000000000011111111111
0000000000011111111110000000000011111111110000000000011111111111000000000011111111111000000000011111111111
0000000000011111111110000000000011111111110000000000011111111111000000000011111111111000000000011111111111
0000000000000000000000000000000000000000000000000000000000000000000000000000000000000000000000000000000000
1111111110000000001111111110000000011111111100000000011111111100000000011111111100000000111111111000000000
1111111110000000001111111110000000011111111100000000011111111100000000011111111100000000111111111000000000
1111111110000000001111111110000000011111111100000000011111111100000000011111111100000000111111111000000000
1111111110000000001111111110000000011111111100000000011111111100000000011111111100000000111111111000000000
1111111110000000001111111110000000011111111100000000011111111100000000011111111100000000111111111000000000
1111111110000000001111111110000000011111111100000000011111111100000000011111111100000000111111111000000000
1111111110000000001111111110000000011111111100000000011111111100000000011111111100000000111111111000000001
1111111110000000001111111110000000011111111100000000011111111100000000011111111100000000111111111000000000
----- 003.pbm -----
P1
106 17
0000000000011111111110000000000011111111110000000000011111111111000000000011111111111000000000011111111111
0000000000011111111110000000000011111111110000000000011111111111000000000011111111111000000000011111111111
0000000000011111111110000000000011111111110000000000011111111111000000000011111111111000000000011111111111
0000000000011111111110000000000011111111110000000000011111111111000000000011111111111000000000011111111111
0000000000011111111110000000000011111111110000000000011111111111000000000011111111111000000000011111111111
0000000000011111111110000000000011111111110000000000011111111111000000000011111111111000000000011111111111
0000000000011111111110000000000011111111110000000000011111111111000000000011111111111000000000011111111111
0000000000011111111110000000000011111111110000000000011111111111000000000011111111111000000000011111111111
0000000000000000000000000000000000000000000000000000000000000000000000000000000000000000000000000000000000
1111111110000000001111111110000000011111111100000000011111111100000000011111111100000000111111111000000000
1111111110000000001111111110000000011111111100000000011111111100000000011111111100000000111111111000000000
1111111110000000001111111110000000011111111100000000011111111100000000011111111100000000111111111000000000
1111111110000000001111111110000000011111111100000000011111111100000000011111111100000000111111111000000000
1111111110000000001111111110000000011111111100000000011111111100000000011111111100000000111111111000000000
1111111110000000001111111110000000011111111100000000011111111100000000011111111100000000111111111000000000
1111111110000000001111111110000000011111111100000000011111111100000000011111111100000000111111111000000001
1111111110000000001111111110000000011111111100000000011111111100000000011111111100000000111111111000000001
----- 004.pbm -----
P1
106 17
0000000000011111111110000000000011111111110000000000011111111111000000000011111111111000000000011111111111
0000000000011111111110000000000011111111110000000000011111111111000000000011111111111000000000011111111111
0000000000011111111110000000000011111111110000000000011111111111000000000011111111111000000000011111111111
0000000000011111111110000000000011111111110000000000011111111111000000000011111111111000000000011111111111
0000000000011111111110000000000011111111110000000000011111111111000000000011111111111000000000011111111111
0000000000011111111110000000000011111111110000000000011111111111000000000011111111111000000000011111111111
0000000000011111111110000000000011111111110000000000011111111111000000000011111111111000000000011111111111
0000000000011111111110000000000011111111110000000000011111111111000000000011111111111000000000011111111111
0000000000000000000000000000000000000000000000000000000000000000000000000000000000000000000000000000000000
1111111110000000001111111110000000011111111100000000011111111100000000011111111100000000111111111000000000
1111111110000000001111111110000000011111111100000000011111111100000000011111111100000000111111111000000000
1111111110000000001111111110000000011111111100000000011111111100000000011111111100000000111111111000000000
1111111110000000001111111110000000011111111100000000011111111100000000011111111100000000111111111000000000
1111111110000000001111111110000000011111111100000000011111111100000000011111111100000000111111111000000000
1111111110000000001111111110000000011111111100000000011111111100000000011111111100000000111111111000000001
1111111110000000001111111110000000011111111100000000011111111100000000011111111100000000111111111000000000
1111111110000000001111111110000000011111111100000000011111111100000000011111111100000000111111111000000000
----- 005.pbm -----
P1
106 17
0000000000011111111110000000000011111111110000000000011111111111000000000011111111111000000000011111111111
0000000000011111111110000000000011111111110000000000011111111111000000000011111111111000000000011111111111
0000000000011111111110000000000011111111110000000000011111111111000000000011111111111000000000011111111111
0000000000011111111110000000000011111111110000000000011111111111000000000011111111111000000000011111111111
0000000000011111111110000000000011111111110000000000011111111111000000000011111111111000000000011111111111
0000000000011111111110000000000011111111110000000000011111111111000000000011111111111000000000011111111111
0000000000011111111110000000000011111111110000000000011111111111000000000011111111111000000000011111111111
0000000000011111111110000000000011111111110000000000011111111111000000000011111111111000000000011111111111
0000000000000000000000000000000000000000000000000000000000000000000000000000000000000000000000000000000000
1111111110000000001111111110000000011111111100000000011111111100000000011111111100000000111111111000000000
1111111110000000001111111110000000011111111100000000011111111100000000011111111100000000111111111000000000
1111111110000000001111111110000000011111111100000000011111111100000000011111111100000000111111111000000000
1111111110000000001111111110000000011111111100000000011111111100000000011111111100000000111111111000000000
1111111110000000001111111110000000011111111100000000011111111100000000011111111100000000111111111000000000
1111111110000000001111111110000000011111111100000000011111111100000000011111111100000000111111111000000001
1111111110000000001111111110000000011111111100000000011111111100000000011111111100000000111111111000000000
1111111110000000001111111110000000011111111100000000011111111100000000011111111100000000111111111000000001
----- 006.pbm -----
P1
106 17
0000000000011111111110000000000011111111110000000000011111111111000000000011111111111000000000011111111111
0000000000011111111110000000000011111111110000000000011111111111000000000011111111111000000000011111111111
0000000000011111111110000000000011111111110000000000011111111111000000000011111111111000000000011111111111
0000000000011111111110000000000011111111110000000000011111111111000000000011111111111000000000011111111111
0000000000011111111110000000000011111111110000000000011111111111000000000011111111111000000000011111111111
0000000000011111111110000000000011111111110000000000011111111111000000000011111111111000000000011111111111
0000000000011111111110000000000011111111110000000000011111111111000000000011111111111000000000011111111111
0000000000011111111110000000000011111111110000000000011111111111000000000011111111111000000000011111111111
0000000000000000000000000000000000000000000000000000000000000000000000000000000000000000000000000000000000
1111111110000000001111111110000000011111111100000000011111111100000000011111111100000000111111111000000000
1111111110000000001111111110000000011111111100000000011111111100000000011111111100000000111111111000000000
1111111110000000001111111110000000011111111100000000011111111100000000011111111100000000111111111000000000
1111111110000000001111111110000000011111111100000000011111111100000000011111111100000000111111111000000000
1111111110000000001111111110000000011111111100000000011111111100000000011111111100000000111111111000000000
1111111110000000001111111110000000011111111100000000011111111100000000011111111100000000111111111000000001
1111111110000000001111111110000000011111111100000000011111111100000000011111111100000000111111111000000001
1111111110000000001111111110000000011111111100000000011111111100000000011111111100000000111111111000000000
----- 007.pbm -----
P1
106 17
0000000000011111111110000000000011111111110000000000011111111111000000000011111111111000000000011111111111
0000000000011111111110000000000011111111110000000000011111111111000000000011111111111000000000011111111111
0000000000011111111110000000000011111111110000000000011111111111000000000011111111111000000000011111111111
0000000000011111111110000000000011111111110000000000011111111111000000000011111111111000000000011111111111
0000000000011111111110000000000011111111110000000000011111111111000000000011111111111000000000011111111111
0000000000011111111110000000000011111111110000000000011111111111000000000011111111111000000000011111111111
0000000000011111111110000000000011111111110000000000011111111111000000000011111111111000000000011111111111
0000000000011111111110000000000011111111110000000000011111111111000000000011111111111000000000011111111111
0000000000000000000000000000000000000000000000000000000000000000000000000000000000000000000000000000000000
1111111110000000001111111110000000011111111100000000011111111100000000011111111100000000111111111000000000
1111111110000000001111111110000000011111111100000000011111111100000000011111111100000000111111111000000000
1111111110000000001111111110000000011111111100000000011111111100000000011111111100000000111111111000000000
1111111110000000001111111110000000011111111100000000011111111100000000011111111100000000111111111000000000
1111111110000000001111111110000000011111111100000000011111111100000000011111111100000000111111111000000000
1111111110000000001111111110000000011111111100000000011111111100000000011111111100000000111111111000000001
1111111110000000001111111110000000011111111100000000011111111100000000011111111100000000111111111000000001
1111111110000000001111111110000000011111111100000000011111111100000000011111111100000000111111111000000001
----- 008.pbm -----
P1
106 17
0000000000011111111110000000000011111111110000000000011111111111000000000011111111111000000000011111111111
0000000000011111111110000000000011111111110000000000011111111111000000000011111111111000000000011111111111
0000000000011111111110000000000011111111110000000000011111111111000000000011111111111000000000011111111111
0000000000011111111110000000000011111111110000000000011111111111000000000011111111111000000000011111111111
0000000000011111111110000000000011111111110000000000011111111111000000000011111111111000000000011111111111
0000000000011111111110000000000011111111110000000000011111111111000000000011111111111000000000011111111111
0000000000011111111110000000000011111111110000000000011111111111000000000011111111111000000000011111111111
0000000000011111111110000000000011111111110000000000011111111111000000000011111111111000000000011111111111
0000000000000000000000000000000000000000000000000000000000000000000000000000000000000000000000000000000000
1111111110000000001111111110000000011111111100000000011111111100000000011111111100000000111111111000000000
1111111110000000001111111110000000011111111100000000011111111100000000011111111100000000111111111000000000
1111111110000000001111111110000000011111111100000000011111111100000000011111111100000000111111111000000000
1111111110000000001111111110000000011111111100000000011111111100000000011111111100000000111111111000000000
1111111110000000001111111110000000011111111100000000011111111100000000011111111100000000111111111000000001
1111111110000000001111111110000000011111111100000000011111111100000000011111111100000000111111111000000000
1111111110000000001111111110000000011111111100000000011111111100000000011111111100000000111111111000000000
1111111110000000001111111110000000011111111100000000011111111100000000011111111100000000111111111000000000
----- 009.pbm -----
P1
106 17
0000000000011111111110000000000011111111110000000000011111111111000000000011111111111000000000011111111111
0000000000011111111110000000000011111111110000000000011111111111000000000011111111111000000000011111111111
0000000000011111111110000000000011111111110000000000011111111111000000000011111111111000000000011111111111
0000000000011111111110000000000011111111110000000000011111111111000000000011111111111000000000011111111111
0000000000011111111110000000000011111111110000000000011111111111000000000011111111111000000000011111111111
0000000000011111111110000000000011111111110000000000011111111111000000000011111111111000000000011111111111
0000000000011111111110000000000011111111110000000000011111111111000000000011111111111000000000011111111111
0000000000011111111110000000000011111111110000000000011111111111000000000011111111111000000000011111111111
0000000000000000000000000000000000000000000000000000000000000000000000000000000000000000000000000000000000
1111111110000000001111111110000000011111111100000000011111111100000000011111111100000000111111111000000000
1111111110000000001111111110000000011111111100000000011111111100000000011111111100000000111111111000000000
1111111110000000001111111110000000011111111100000000011111111100000000011111111100000000111111111000000000
1111111110000000001111111110000000011111111100000000011111111100000000011111111100000000111111111000000000
1111111110000000001111111110000000011111111100000000011111111100000000011111111100000000111111111000000001
1111111110000000001111111110000000011111111100000000011111111100000000011111111100000000111111111000000000
1111111110000000001111111110000000011111111100000000011111111100000000011111111100000000111111111000000000
1111111110000000001111111110000000011111111100000000011111111100000000011111111100000000111111111000000001
----- 010.pbm -----
P1
106 17
0000000000011111111110000000000011111111110000000000011111111111000000000011111111111000000000011111111111
0000000000011111111110000000000011111111110000000000011111111111000000000011111111111000000000011111111111
0000000000011111111110000000000011111111110000000000011111111111000000000011111111111000000000011111111111
0000000000011111111110000000000011111111110000000000011111111111000000000011111111111000000000011111111111
0000000000011111111110000000000011111111110000000000011111111111000000000011111111111000000000011111111111
0000000000011111111110000000000011111111110000000000011111111111000000000011111111111000000000011111111111
0000000000011111111110000000000011111111110000000000011111111111000000000011111111111000000000011111111111
0000000000011111111110000000000011111111110000000000011111111111000000000011111111111000000000011111111111
0000000000000000000000000000000000000000000000000000000000000000000000000000000000000000000000000000000000
1111111110000000001111111110000000011111111100000000011111111100000000011111111100000000111111111000000000
1111111110000000001111111110000000011111111100000000011111111100000000011111111100000000111111111000000000
1111111110000000001111111110000000011111111100000000011111111100000000011111111100000000111111111000000000
1111111110000000001111111110000000011111111100000000011111111100000000011111111100000000111111111000000000
1111111110000000001111111110000000011111111100000000011111111100000000011111111100000000111111111000000001
1111111110000000001111111110000000011111111100000000011111111100000000011111111100000000111111111000000000
1111111110000000001111111110000000011111111100000000011111111100000000011111111100000000111111111000000001
1111111110000000001111111110000000011111111100000000011111111100000000011111111100000000111111111000000000
----- 011.pbm -----
P1
106 17
0000000000011111111110000000000011111111110000000000011111111111000000000011111111111000000000011111111111
0000000000011111111110000000000011111111110000000000011111111111000000000011111111111000000000011111111111
0000000000011111111110000000000011111111110000000000011111111111000000000011111111111000000000011111111111
0000000000011111111110000000000011111111110000000000011111111111000000000011111111111000000000011111111111
0000000000011111111110000000000011111111110000000000011111111111000000000011111111111000000000011111111111
0000000000011111111110000000000011111111110000000000011111111111000000000011111111111000000000011111111111
0000000000011111111110000000000011111111110000000000011111111111000000000011111111111000000000011111111111
0000000000011111111110000000000011111111110000000000011111111111000000000011111111111000000000011111111111
0000000000000000000000000000000000000000000000000000000000000000000000000000000000000000000000000000000000
1111111110000000001111111110000000011111111100000000011111111100000000011111111100000000111111111000000000
1111111110000000001111111110000000011111111100000000011111111100000000011111111100000000111111111000000000
1111111110000000001111111110000000011111111100000000011111111100000000011111111100000000111111111000000000
1111111110000000001111111110000000011111111100000000011111111100000000011111111100000000111111111000000000
1111111110000000001111111110000000011111111100000000011111111100000000011111111100000000111111111000000001
1111111110000000001111111110000000011111111100000000011111111100000000011111111100000000111111111000000000
1111111110000000001111111110000000011111111100000000011111111100000000011111111100000000111111111000000001
1111111110000000001111111110000000011111111100000000011111111100000000011111111100000000111111111000000001
----- 012.pbm -----
P1
106 17
0000000000011111111110000000000011111111110000000000011111111111000000000011111111111000000000011111111111
0000000000011111111110000000000011111111110000000000011111111111000000000011111111111000000000011111111111
0000000000011111111110000000000011111111110000000000011111111111000000000011111111111000000000011111111111
0000000000011111111110000000000011111111110000000000011111111111000000000011111111111000000000011111111111
0000000000011111111110000000000011111111110000000000011111111111000000000011111111111000000000011111111111
0000000000011111111110000000000011111111110000000000011111111111000000000011111111111000000000011111111111
0000000000011111111110000000000011111111110000000000011111111111000000000011111111111000000000011111111111
0000000000011111111110000000000011111111110000000000011111111111000000000011111111111000000000011111111111
0000000000000000000000000000000000000000000000000000000000000000000000000000000000000000000000000000000000
1111111110000000001111111110000000011111111100000000011111111100000000011111111100000000111111111000000000
1111111110000000001111111110000000011111111100000000011111111100000000011111111100000000111111111000000000
1111111110000000001111111110000000011111111100000000011111111100000000011111111100000000111111111000000000
1111111110000000001111111110000000011111111100000000011111111100000000011111111100000000111111111000000000
1111111110000000001111111110000000011111111100000000011111111100000000011111111100000000111111111000000001
1111111110000000001111111110000000011111111100000000011111111100000000011111111100000000111111111000000001
1111111110000000001111111110000000011111111100000000011111111100000000011111111100000000111111111000000000
1111111110000000001111111110000000011111111100000000011111111100000000011111111100000000111111111000000000
----- 013.pbm -----
P1
106 17
0000000000011111111110000000000011111111110000000000011111111111000000000011111111111000000000011111111111
0000000000011111111110000000000011111111110000000000011111111111000000000011111111111000000000011111111111
0000000000011111111110000000000011111111110000000000011111111111000000000011111111111000000000011111111111
0000000000011111111110000000000011111111110000000000011111111111000000000011111111111000000000011111111111
0000000000011111111110000000000011111111110000000000011111111111000000000011111111111000000000011111111111
0000000000011111111110000000000011111111110000000000011111111111000000000011111111111000000000011111111111
0000000000011111111110000000000011111111110000000000011111111111000000000011111111111000000000011111111111
0000000000011111111110000000000011111111110000000000011111111111000000000011111111111000000000011111111111
0000000000000000000000000000000000000000000000000000000000000000000000000000000000000000000000000000000000
1111111110000000001111111110000000011111111100000000011111111100000000011111111100000000111111111000000000
1111111110000000001111111110000000011111111100000000011111111100000000011111111100000000111111111000000000
1111111110000000001111111110000000011111111100000000011111111100000000011111111100000000111111111000000000
1111111110000000001111111110000000011111111100000000011111111100000000011111111100000000111111111000000000
1111111110000000001111111110000000011111111100000000011111111100000000011111111100000000111111111000000001
1111111110000000001111111110000000011111111100000000011111111100000000011111111100000000111111111000000001
1111111110000000001111111110000000011111111100000000011111111100000000011111111100000000111111111000000000
1111111110000000001111111110000000011111111100000000011111111100000000011111111100000000111111111000000001
----- 014.pbm -----
P1
106 17
0000000000011111111110000000000011111111110000000000011111111111000000000011111111111000000000011111111111
0000000000011111111110000000000011111111110000000000011111111111000000000011111111111000000000011111111111
0000000000011111111110000000000011111111110000000000011111111111000000000011111111111000000000011111111111
0000000000011111111110000000000011111111110000000000011111111111000000000011111111111000000000011111111111
0000000000011111111110000000000011111111110000000000011111111111000000000011111111111000000000011111111111
0000000000011111111110000000000011111111110000000000011111111111000000000011111111111000000000011111111111
0000000000011111111110000000000011111111110000000000011111111111000000000011111111111000000000011111111111
0000000000011111111110000000000011111111110000000000011111111111000000000011111111111000000000011111111111
0000000000000000000000000000000000000000000000000000000000000000000000000000000000000000000000000000000000
1111111110000000001111111110000000011111111100000000011111111100000000011111111100000000111111111000000000
1111111110000000001111111110000000011111111100000000011111111100000000011111111100000000111111111000000000
1111111110000000001111111110000000011111111100000000011111111100000000011111111100000000111111111000000000
1111111110000000001111111110000000011111111100000000011111111100000000011111111100000000111111111000000000
1111111110000000001111111110000000011111111100000000011111111100000000011111111100000000111111111000000001
1111111110000000001111111110000000011111111100000000011111111100000000011111111100000000111111111000000001
1111111110000000001111111110000000011111111100000000011111111100000000011111111100000000111111111000000001
1111111110000000001111111110000000011111111100000000011111111100000000011111111100000000111111111000000000
----- 015.pbm -----
P1
106 17
0000000000011111111110000000000011111111110000000000011111111111000000000011111111111000000000011111111111
0000000000011111111110000000000011111111110000000000011111111111000000000011111111111000000000011111111111
0000000000011111111110000000000011111111110000000000011111111111000000000011111111111000000000011111111111
0000000000011111111110000000000011111111110000000000011111111111000000000011111111111000000000011111111111
0000000000011111111110000000000011111111110000000000011111111111000000000011111111111000000000011111111111
0000000000011111111110000000000011111111110000000000011111111111000000000011111111111000000000011111111111
0000000000011111111110000000000011111111110000000000011111111111000000000011111111111000000000011111111111
0000000000011111111110000000000011111111110000000000011111111111000000000011111111111000000000011111111111
0000000000000000000000000000000000000000000000000000000000000000000000000000000000000000000000000000000000
1111111110000000001111111110000000011111111100000000011111111100000000011111111100000000111111111000000000
1111111110000000001111111110000000011111111100000000011111111100000000011111111100000000111111111000000000
1111111110000000001111111110000000011111111100000000011111111100000000011111111100000000111111111000000000
1111111110000000001111111110000000011111111100000000011111111100000000011111111100000000111111111000000000
1111111110000000001111111110000000011111111100000000011111111100000000011111111100000000111111111000000001
1111111110000000001111111110000000011111111100000000011111111100000000011111111100000000111111111000000001
1111111110000000001111111110000000011111111100000000011111111100000000011111111100000000111111111000000001
1111111110000000001111111110000000011111111100000000011111111100000000011111111100000000111111111000000001
----- 016.pbm -----
P1
106 17
0000000000011111111110000000000011111111110000000000011111111111000000000011111111111000000000011111111111
0000000000011111111110000000000011111111110000000000011111111111000000000011111111111000000000011111111111
0000000000011111111110000000000011111111110000000000011111111111000000000011111111111000000000011111111111
0000000000011111111110000000000011111111110000000000011111111111000000000011111111111000000000011111111111
0000000000011111111110000000000011111111110000000000011111111111000000000011111111111000000000011111111111
0000000000011111111110000000000011111111110000000000011111111111000000000011111111111000000000011111111111
0000000000011111111110000000000011111111110000000000011111111111000000000011111111111000000000011111111111
0000000000011111111110000000000011111111110000000000011111111111000000000011111111111000000000011111111111
0000000000000000000000000000000000000000000000000000000000000000000000000000000000000000000000000000000000
1111111110000000001111111110000000011111111100000000011111111100000000011111111100000000111111111000000000
1111111110000000001111111110000000011111111100000000011111111100000000011111111100000000111111111000000000
1111111110000000001111111110000000011111111100000000011111111100000000011111111100000000111111111000000000
1111111110000000001111111110000000011111111100000000011111111100000000011111111100000000111111111000000001
1111111110000000001111111110000000011111111100000000011111111100000000011111111100000000111111111000000000
1111111110000000001111111110000000011111111100000000011111111100000000011111111100000000111111111000000000
1111111110000000001111111110000000011111111100000000011111111100000000011111111100000000111111111000000000
1111111110000000001111111110000000011111111100000000011111111100000000011111111100000000111111111000000000
----- 017.pbm -----
P1
106 17
0000000000011111111110000000000011111111110000000000011111111111000000000011111111111000000000011111111111
0000000000011111111110000000000011111111110000000000011111111111000000000011111111111000000000011111111111
0000000000011111111110000000000011111111110000000000011111111111000000000011111111111000000000011111111111
0000000000011111111110000000000011111111110000000000011111111111000000000011111111111000000000011111111111
0000000000011111111110000000000011111111110000000000011111111111000000000011111111111000000000011111111111
0000000000011111111110000000000011111111110000000000011111111111000000000011111111111000000000011111111111
0000000000011111111110000000000011111111110000000000011111111111000000000011111111111000000000011111111111
0000000000011111111110000000000011111111110000000000011111111111000000000011111111111000000000011111111111
0000000000000000000000000000000000000000000000000000000000000000000000000000000000000000000000000000000000
1111111110000000001111111110000000011111111100000000011111111100000000011111111100000000111111111000000000
1111111110000000001111111110000000011111111100000000011111111100000000011111111100000000111111111000000000
1111111110000000001111111110000000011111111100000000011111111100000000011111111100000000111111111000000000
1111111110000000001111111110000000011111111100000000011111111100000000011111111100000000111111111000000001
1111111110000000001111111110000000011111111100000000011111111100000000011111111100000000111111111000000000
1111111110000000001111111110000000011111111100000000011111111100000000011111111100000000111111111000000000
1111111110000000001111111110000000011111111100000000011111111100000000011111111100000000111111111000000000
1111111110000000001111111110000000011111111100000000011111111100000000011111111100000000111111111000000001
----- 018.pbm -----
P1
106 17
0000000000011111111110000000000011111111110000000000011111111111000000000011111111111000000000011111111111
0000000000011111111110000000000011111111110000000000011111111111000000000011111111111000000000011111111111
0000000000011111111110000000000011111111110000000000011111111111000000000011111111111000000000011111111111
0000000000011111111110000000000011111111110000000000011111111111000000000011111111111000000000011111111111
0000000000011111111110000000000011111111110000000000011111111111000000000011111111111000000000011111111111
0000000000011111111110000000000011111111110000000000011111111111000000000011111111111000000000011111111111
0000000000011111111110000000000011111111110000000000011111111111000000000011111111111000000000011111111111
0000000000011111111110000000000011111111110000000000011111111111000000000011111111111000000000011111111111
0000000000000000000000000000000000000000000000000000000000000000000000000000000000000000000000000000000000
1111111110000000001111111110000000011111111100000000011111111100000000011111111100000000111111111000000000
1111111110000000001111111110000000011111111100000000011111111100000000011111111100000000111111111000000000
1111111110000000001111111110000000011111111100000000011111111100000000011111111100000000111111111000000000
1111111110000000001111111110000000011111111100000000011111111100000000011111111100000000111111111000000001
1111111110000000001111111110000000011111111100000000011111111100000000011111111100000000111111111000000000
1111111110000000001111111110000000011111111100000000011111111100000000011111111100000000111111111000000000
1111111110000000001111111110000000011111111100000000011111111100000000011111111100000000111111111000000001
1111111110000000001111111110000000011111111100000000011111111100000000011111111100000000111111111000000000
----- 019.pbm -----
P1
106 17
0000000000011111111110000000000011111111110000000000011111111111000000000011111111111000000000011111111111
0000000000011111111110000000000011111111110000000000011111111111000000000011111111111000000000011111111111
0000000000011111111110000000000011111111110000000000011111111111000000000011111111111000000000011111111111
0000000000011111111110000000000011111111110000000000011111111111000000000011111111111000000000011111111111
0000000000011111111110000000000011111111110000000000011111111111000000000011111111111000000000011111111111
0000000000011111111110000000000011111111110000000000011111111111000000000011111111111000000000011111111111
0000000000011111111110000000000011111111110000000000011111111111000000000011111111111000000000011111111111
0000000000011111111110000000000011111111110000000000011111111111000000000011111111111000000000011111111111
0000000000000000000000000000000000000000000000000000000000000000000000000000000000000000000000000000000000
1111111110000000001111111110000000011111111100000000011111111100000000011111111100000000111111111000000000
1111111110000000001111111110000000011111111100000000011111111100000000011111111100000000111111111000000000
1111111110000000001111111110000000011111111100000000011111111100000000011111111100000000111111111000000000
1111111110000000001111111110000000011111111100000000011111111100000000011111111100000000111111111000000001
1111111110000000001111111110000000011111111100000000011111111100000000011111111100000000111111111000000000
1111111110000000001111111110000000011111111100000000011111111100000000011111111100000000111111111000000000
1111111110000000001111111110000000011111111100000000011111111100000000011111111100000000111111111000000001
1111111110000000001111111110000000011111111100000000011111111100000000011111111100000000111111111000000001
----- 020.pbm -----
P1
106 17
0000000000011111111110000000000011111111110000000000011111111111000000000011111111111000000000011111111111
0000000000011111111110000000000011111111110000000000011111111111000000000011111111111000000000011111111111
0000000000011111111110000000000011111111110000000000011111111111000000000011111111111000000000011111111111
0000000000011111111110000000000011111111110000000000011111111111000000000011111111111000000000011111111111
0000000000011111111110000000000011111111110000000000011111111111000000000011111111111000000000011111111111
0000000000011111111110000000000011111111110000000000011111111111000000000011111111111000000000011111111111
0000000000011111111110000000000011111111110000000000011111111111000000000011111111111000000000011111111111
0000000000011111111110000000000011111111110000000000011111111111000000000011111111111000000000011111111111
0000000000000000000000000000000000000000000000000000000000000000000000000000000000000000000000000000000000
1111111110000000001111111110000000011111111100000000011111111100000000011111111100000000111111111000000000
1111111110000000001111111110000000011111111100000000011111111100000000011111111100000000111111111000000000
1111111110000000001111111110000000011111111100000000011111111100000000011111111100000000111111111000000000
1111111110000000001111111110000000011111111100000000011111111100000000011111111100000000111111111000000001
1111111110000000001111111110000000011111111100000000011111111100000000011111111100000000111111111000000000
1111111110000000001111111110000000011111111100000000011111111100000000011111111100000000111111111000000001
1111111110000000001111111110000000011111111100000000011111111100000000011111111100000000111111111000000000
1111111110000000001111111110000000011111111100000000011111111100000000011111111100000000111111111000000000
----- 021.pbm -----
P1
106 17
0000000000011111111110000000000011111111110000000000011111111111000000000011111111111000000000011111111111
0000000000011111111110000000000011111111110000000000011111111111000000000011111111111000000000011111111111
0000000000011111111110000000000011111111110000000000011111111111000000000011111111111000000000011111111111
0000000000011111111110000000000011111111110000000000011111111111000000000011111111111000000000011111111111
0000000000011111111110000000000011111111110000000000011111111111000000000011111111111000000000011111111111
0000000000011111111110000000000011111111110000000000011111111111000000000011111111111000000000011111111111
0000000000011111111110000000000011111111110000000000011111111111000000000011111111111000000000011111111111
0000000000011111111110000000000011111111110000000000011111111111000000000011111111111000000000011111111111
0000000000000000000000000000000000000000000000000000000000000000000000000000000000000000000000000000000000
1111111110000000001111111110000000011111111100000000011111111100000000011111111100000000111111111000000000
1111111110000000001111111110000000011111111100000000011111111100000000011111111100000000111111111000000000
1111111110000000001111111110000000011111111100000000011111111100000000011111111100000000111111111000000000
1111111110000000001111111110000000011111111100000000011111111100000000011111111100000000111111111000000001
1111111110000000001111111110000000011111111100000000011111111100000000011111111100000000111111111000000000
1111111110000000001111111110000000011111111100000000011111111100000000011111111100000000111111111000000001
1111111110000000001111111110000000011111111100000000011111111100000000011111111100000000111111111000000000
1111111110000000001111111110000000011111111100000000011111111100000000011111111100000000111111111000000001
----- 022.pbm -----
P1
106 17
0000000000011111111110000000000011111111110000000000011111111111000000000011111111111000000000011111111111
0000000000011111111110000000000011111111110000000000011111111111000000000011111111111000000000011111111111
0000000000011111111110000000000011111111110000000000011111111111000000000011111111111000000000011111111111
0000000000011111111110000000000011111111110000000000011111111111000000000011111111111000000000011111111111
0000000000011111111110000000000011111111110000000000011111111111000000000011111111111000000000011111111111
0000000000011111111110000000000011111111110000000000011111111111000000000011111111111000000000011111111111
0000000000011111111110000000000011111111110000000000011111111111000000000011111111111000000000011111111111
0000000000011111111110000000000011111111110000000000011111111111000000000011111111111000000000011111111111
0000000000000000000000000000000000000000000000000000000000000000000000000000000000000000000000000000000000
1111111110000000001111111110000000011111111100000000011111111100000000011111111100000000111111111000000000
1111111110000000001111111110000000011111111100000000011111111100000000011111111100000000111111111000000000
1111111110000000001111111110000000011111111100000000011111111100000000011111111100000000111111111000000000
1111111110000000001111111110000000011111111100000000011111111100000000011111111100000000111111111000000001
1111111110000000001111111110000000011111111100000000011111111100000000011111111100000000111111111000000000
1111111110000000001111111110000000011111111100000000011111111100000000011111111100000000111111111000000001
1111111110000000001111111110000000011111111100000000011111111100000000011111111100000000111111111000000001
1111111110000000001111111110000000011111111100000000011111111100000000011111111100000000111111111000000000
----- 023.pbm -----
P1
106 17
0000000000011111111110000000000011111111110000000000011111111111000000000011111111111000000000011111111111
0000000000011111111110000000000011111111110000000000011111111111000000000011111111111000000000011111111111
0000000000011111111110000000000011111111110000000000011111111111000000000011111111111000000000011111111111
0000000000011111111110000000000011111111110000000000011111111111000000000011111111111000000000011111111111
0000000000011111111110000000000011111111110000000000011111111111000000000011111111111000000000011111111111
0000000000011111111110000000000011111111110000000000011111111111000000000011111111111000000000011111111111
0000000000011111111110000000000011111111110000000000011111111111000000000011111111111000000000011111111111
0000000000011111111110000000000011111111110000000000011111111111000000000011111111111000000000011111111111
0000000000000000000000000000000000000000000000000000000000000000000000000000000000000000000000000000000000
1111111110000000001111111110000000011111111100000000011111111100000000011111111100000000111111111000000000
1111111110000000001111111110000000011111111100000000011111111100000000011111111100000000111111111000000000
1111111110000000001111111110000000011111111100000000011111111100000000011111111100000000111111111000000000
1111111110000000001111111110000000011111111100000000011111111100000000011111111100000000111111111000000001
1111111110000000001111111110000000011111111100000000011111111100000000011111111100000000111111111000000000
1111111110000000001111111110000000011111111100000000011111111100000000011111111100000000111111111000000001
1111111110000000001111111110000000011111111100000000011111111100000000011111111100000000111111111000000001
1111111110000000001111111110000000011111111100000000011111111100000000011111111100000000111111111000000001
----- 024.pbm -----
P1
106 17
0000000000011111111110000000000011111111110000000000011111111111000000000011111111111000000000011111111111
0000000000011111111110000000000011111111110000000000011111111111000000000011111111111000000000011111111111
0000000000011111111110000000000011111111110000000000011111111111000000000011111111111000000000011111111111
0000000000011111111110000000000011111111110000000000011111111111000000000011111111111000000000011111111111
0000000000011111111110000000000011111111110000000000011111111111000000000011111111111000000000011111111111
0000000000011111111110000000000011111111110000000000011111111111000000000011111111111000000000011111111111
0000000000011111111110000000000011111111110000000000011111111111000000000011111111111000000000011111111111
0000000000011111111110000000000011111111110000000000011111111111000000000011111111111000000000011111111111
0000000000000000000000000000000000000000000000000000000000000000000000000000000000000000000000000000000000
1111111110000000001111111110000000011111111100000000011111111100000000011111111100000000111111111000000000
1111111110000000001111111110000000011111111100000000011111111100000000011111111100000000111111111000000000
1111111110000000001111111110000000011111111100000000011111111100000000011111111100000000111111111000000000
1111111110000000001111111110000000011111111100000000011111111100000000011111111100000000111111111000000001
1111111110000000001111111110000000011111111100000000011111111100000000011111111100000000111111111000000001
1111111110000000001111111110000000011111111100000000011111111100000000011111111100000000111111111000000000
1111111110000000001111111110000000011111111100000000011111111100000000011111111100000000111111111000000000
1111111110000000001111111110000000011111111100000000011111111100000000011111111100000000111111111000000000
----- 025.pbm -----
P1
106 17
0000000000011111111110000000000011111111110000000000011111111111000000000011111111111000000000011111111111
0000000000011111111110000000000011111111110000000000011111111111000000000011111111111000000000011111111111
0000000000011111111110000000000011111111110000000000011111111111000000000011111111111000000000011111111111
0000000000011111111110000000000011111111110000000000011111111111000000000011111111111000000000011111111111
0000000000011111111110000000000011111111110000000000011111111111000000000011111111111000000000011111111111
0000000000011111111110000000000011111111110000000000011111111111000000000011111111111000000000011111111111
0000000000011111111110000000000011111111110000000000011111111111000000000011111111111000000000011111111111
0000000000011111111110000000000011111111110000000000011111111111000000000011111111111000000000011111111111
0000000000000000000000000000000000000000000000000000000000000000000000000000000000000000000000000000000000
1111111110000000001111111110000000011111111100000000011111111100000000011111111100000000111111111000000000
1111111110000000001111111110000000011111111100000000011111111100000000011111111100000000111111111000000000
1111111110000000001111111110000000011111111100000000011111111100000000011111111100000000111111111000000000
1111111110000000001111111110000000011111111100000000011111111100000000011111111100000000111111111000000001
1111111110000000001111111110000000011111111100000000011111111100000000011111111100000000111111111000000001
1111111110000000001111111110000000011111111100000000011111111100000000011111111100000000111111111000000000
1111111110000000001111111110000000011111111100000000011111111100000000011111111100000000111111111000000000
1111111110000000001111111110000000011111111100000000011111111100000000011111111100000000111111111000000001
----- 026.pbm -----
P1
106 17
0000000000011111111110000000000011111111110000000000011111111111000000000011111111111000000000011111111111
0000000000011111111110000000000011111111110000000000011111111111000000000011111111111000000000011111111111
0000000000011111111110000000000011111111110000000000011111111111000000000011111111111000000000011111111111
0000000000011111111110000000000011111111110000000000011111111111000000000011111111111000000000011111111111
0000000000011111111110000000000011111111110000000000011111111111000000000011111111111000000000011111111111
0000000000011111111110000000000011111111110000000000011111111111000000000011111111111000000000011111111111
0000000000011111111110000000000011111111110000000000011111111111000000000011111111111000000000011111111111
0000000000011111111110000000000011111111110000000000011111111111000000000011111111111000000000011111111111
0000000000000000000000000000000000000000000000000000000000000000000000000000000000000000000000000000000000
1111111110000000001111111110000000011111111100000000011111111100000000011111111100000000111111111000000000
1111111110000000001111111110000000011111111100000000011111111100000000011111111100000000111111111000000000
1111111110000000001111111110000000011111111100000000011111111100000000011111111100000000111111111000000000
1111111110000000001111111110000000011111111100000000011111111100000000011111111100000000111111111000000001
1111111110000000001111111110000000011111111100000000011111111100000000011111111100000000111111111000000001
1111111110000000001111111110000000011111111100000000011111111100000000011111111100000000111111111000000000
1111111110000000001111111110000000011111111100000000011111111100000000011111111100000000111111111000000001
1111111110000000001111111110000000011111111100000000011111111100000000011111111100000000111111111000000000
----- 027.pbm -----
P1
106 17
0000000000011111111110000000000011111111110000000000011111111111000000000011111111111000000000011111111111
0000000000011111111110000000000011111111110000000000011111111111000000000011111111111000000000011111111111
0000000000011111111110000000000011111111110000000000011111111111000000000011111111111000000000011111111111
0000000000011111111110000000000011111111110000000000011111111111000000000011111111111000000000011111111111
0000000000011111111110000000000011111111110000000000011111111111000000000011111111111000000000011111111111
0000000000011111111110000000000011111111110000000000011111111111000000000011111111111000000000011111111111
0000000000011111111110000000000011111111110000000000011111111111000000000011111111111000000000011111111111
0000000000011111111110000000000011111111110000000000011111111111000000000011111111111000000000011111111111
0000000000000000000000000000000000000000000000000000000000000000000000000000000000000000000000000000000000
1111111110000000001111111110000000011111111100000000011111111100000000011111111100000000111111111000000000
1111111110000000001111111110000000011111111100000000011111111100000000011111111100000000111111111000000000
1111111110000000001111111110000000011111111100000000011111111100000000011111111100000000111111111000000000
1111111110000000001111111110000000011111111100000000011111111100000000011111111100000000111111111000000001
1111111110000000001111111110000000011111111100000000011111111100000000011111111100000000111111111000000001
1111111110000000001111111110000000011111111100000000011111111100000000011111111100000000111111111000000000
1111111110000000001111111110000000011111111100000000011111111100000000011111111100000000111111111000000001
1111111110000000001111111110000000011111111100000000011111111100000000011111111100000000111111111000000001
----- 028.pbm -----
P1
106 17
0000000000011111111110000000000011111111110000000000011111111111000000000011111111111000000000011111111111
0000000000011111111110000000000011111111110000000000011111111111000000000011111111111000000000011111111111
0000000000011111111110000000000011111111110000000000011111111111000000000011111111111000000000011111111111
0000000000011111111110000000000011111111110000000000011111111111000000000011111111111000000000011111111111
0000000000011111111110000000000011111111110000000000011111111111000000000011111111111000000000011111111111
0000000000011111111110000000000011111111110000000000011111111111000000000011111111111000000000011111111111
0000000000011111111110000000000011111111110000000000011111111111000000000011111111111000000000011111111111
0000000000011111111110000000000011111111110000000000011111111111000000000011111111111000000000011111111111
0000000000000000000000000000000000000000000000000000000000000000000000000000000000000000000000000000000000
1111111110000000001111111110000000011111111100000000011111111100000000011111111100000000111111111000000000
1111111110000000001111111110000000011111111100000000011111111100000000011111111100000000111111111000000000
1111111110000000001111111110000000011111111100000000011111111100000000011111111100000000111111111000000000
1111111110000000001111111110000000011111111100000000011111111100000000011111111100000000111111111000000001
1111111110000000001111111110000000011111111100000000011111111100000000011111111100000000111111111000000001
1111111110000000001111111110000000011111111100000000011111111100000000011111111100000000111111111000000001
1111111110000000001111111110000000011111111100000000011111111100000000011111111100000000111111111000000000
1111111110000000001111111110000000011111111100000000011111111100000000011111111100000000111111111000000000
----- 029.pbm -----
P1
106 17
0000000000011111111110000000000011111111110000000000011111111111000000000011111111111000000000011111111111
0000000000011111111110000000000011111111110000000000011111111111000000000011111111111000000000011111111111
0000000000011111111110000000000011111111110000000000011111111111000000000011111111111000000000011111111111
0000000000011111111110000000000011111111110000000000011111111111000000000011111111111000000000011111111111
0000000000011111111110000000000011111111110000000000011111111111000000000011111111111000000000011111111111
0000000000011111111110000000000011111111110000000000011111111111000000000011111111111000000000011111111111
0000000000011111111110000000000011111111110000000000011111111111000000000011111111111000000000011111111111
0000000000011111111110000000000011111111110000000000011111111111000000000011111111111000000000011111111111
0000000000000000000000000000000000000000000000000000000000000000000000000000000000000000000000000000000000
1111111110000000001111111110000000011111111100000000011111111100000000011111111100000000111111111000000000
1111111110000000001111111110000000011111111100000000011111111100000000011111111100000000111111111000000000
1111111110000000001111111110000000011111111100000000011111111100000000011111111100000000111111111000000000
1111111110000000001111111110000000011111111100000000011111111100000000011111111100000000111111111000000001
1111111110000000001111111110000000011111111100000000011111111100000000011111111100000000111111111000000001
1111111110000000001111111110000000011111111100000000011111111100000000011111111100000000111111111000000001
1111111110000000001111111110000000011111111100000000011111111100000000011111111100000000111111111000000000
1111111110000000001111111110000000011111111100000000011111111100000000011111111100000000111111111000000001
----- 030.pbm -----
P1
106 17
0000000000011111111110000000000011111111110000000000011111111111000000000011111111111000000000011111111111
0000000000011111111110000000000011111111110000000000011111111111000000000011111111111000000000011111111111
0000000000011111111110000000000011111111110000000000011111111111000000000011111111111000000000011111111111
0000000000011111111110000000000011111111110000000000011111111111000000000011111111111000000000011111111111
0000000000011111111110000000000011111111110000000000011111111111000000000011111111111000000000011111111111
0000000000011111111110000000000011111111110000000000011111111111000000000011111111111000000000011111111111
0000000000011111111110000000000011111111110000000000011111111111000000000011111111111000000000011111111111
0000000000011111111110000000000011111111110000000000011111111111000000000011111111111000000000011111111111
0000000000000000000000000000000000000000000000000000000000000000000000000000000000000000000000000000000000
1111111110000000001111111110000000011111111100000000011111111100000000011111111100000000111111111000000000
1111111110000000001111111110000000011111111100000000011111111100000000011111111100000000111111111000000000
1111111110000000001111111110000000011111111100000000011111111100000000011111111100000000111111111000000000
1111111110000000001111111110000000011111111100000000011111111100000000011111111100000000111111111000000001
1111111110000000001111111110000000011111111100000000011111111100000000011111111100000000111111111000000001
1111111110000000001111111110000000011111111100000000011111111100000000011111111100000000111111111000000001
1111111110000000001111111110000000011111111100000000011111111100000000011111111100000000111111111000000001
1111111110000000001111111110000000011111111100000000011111111100000000011111111100000000111111111000000000
----- 031.pbm -----
P1
106 17
0000000000011111111110000000000011111111110000000000011111111111000000000011111111111000000000011111111111
0000000000011111111110000000000011111111110000000000011111111111000000000011111111111000000000011111111111
0000000000011111111110000000000011111111110000000000011111111111000000000011111111111000000000011111111111
0000000000011111111110000000000011111111110000000000011111111111000000000011111111111000000000011111111111
0000000000011111111110000000000011111111110000000000011111111111000000000011111111111000000000011111111111
0000000000011111111110000000000011111111110000000000011111111111000000000011111111111000000000011111111111
0000000000011111111110000000000011111111110000000000011111111111000000000011111111111000000000011111111111
0000000000011111111110000000000011111111110000000000011111111111000000000011111111111000000000011111111111
0000000000000000000000000000000000000000000000000000000000000000000000000000000000000000000000000000000000
1111111110000000001111111110000000011111111100000000011111111100000000011111111100000000111111111000000000
1111111110000000001111111110000000011111111100000000011111111100000000011111111100000000111111111000000000
1111111110000000001111111110000000011111111100000000011111111100000000011111111100000000111111111000000000
1111111110000000001111111110000000011111111100000000011111111100000000011111111100000000111111111000000001
1111111110000000001111111110000000011111111100000000011111111100000000011111111100000000111111111000000001
1111111110000000001111111110000000011111111100000000011111111100000000011111111100000000111111111000000001
1111111110000000001111111110000000011111111100000000011111111100000000011111111100000000111111111000000001
1111111110000000001111111110000000011111111100000000011111111100000000011111111100000000111111111000000001
----- 032.pbm -----
P1
106 17
0000000000011111111110000000000011111111110000000000011111111111000000000011111111111000000000011111111111
0000000000011111111110000000000011111111110000000000011111111111000000000011111111111000000000011111111111
0000000000011111111110000000000011111111110000000000011111111111000000000011111111111000000000011111111111
0000000000011111111110000000000011111111110000000000011111111111000000000011111111111000000000011111111111
0000000000011111111110000000000011111111110000000000011111111111000000000011111111111000000000011111111111
0000000000011111111110000000000011111111110000000000011111111111000000000011111111111000000000011111111111
0000000000011111111110000000000011111111110000000000011111111111000000000011111111111000000000011111111111
0000000000011111111110000000000011111111110000000000011111111111000000000011111111111000000000011111111111
0000000000000000000000000000000000000000000000000000000000000000000000000000000000000000000000000000000000
1111111110000000001111111110000000011111111100000000011111111100000000011111111100000000111111111000000000
1111111110000000001111111110000000011111111100000000011111111100000000011111111100000000111111111000000000
1111111110000000001111111110000000011111111100000000011111111100000000011111111100000000111111111000000001
1111111110000000001111111110000000011111111100000000011111111100000000011111111100000000111111111000000000
1111111110000000001111111110000000011111111100000000011111111100000000011111111100000000111111111000000000
1111111110000000001111111110000000011111111100000000011111111100000000011111111100000000111111111000000000
1111111110000000001111111110000000011111111100000000011111111100000000011111111100000000111111111000000000
1111111110000000001111111110000000011111111100000000011111111100000000011111111100000000111111111000000000
----- 033.pbm -----
P1
106 17
0000000000011111111110000000000011111111110000000000011111111111000000000011111111111000000000011111111111
0000000000011111111110000000000011111111110000000000011111111111000000000011111111111000000000011111111111
0000000000011111111110000000000011111111110000000000011111111111000000000011111111111000000000011111111111
0000000000011111111110000000000011111111110000000000011111111111000000000011111111111000000000011111111111
0000000000011111111110000000000011111111110000000000011111111111000000000011111111111000000000011111111111
0000000000011111111110000000000011111111110000000000011111111111000000000011111111111000000000011111111111
0000000000011111111110000000000011111111110000000000011111111111000000000011111111111000000000011111111111
0000000000011111111110000000000011111111110000000000011111111111000000000011111111111000000000011111111111
0000000000000000000000000000000000000000000000000000000000000000000000000000000000000000000000000000000000
1111111110000000001111111110000000011111111100000000011111111100000000011111111100000000111111111000000000
1111111110000000001111111110000000011111111100000000011111111100000000011111111100000000111111111000000000
1111111110000000001111111110000000011111111100000000011111111100000000011111111100000000111111111000000001
1111111110000000001111111110000000011111111100000000011111111100000000011111111100000000111111111000000000
1111111110000000001111111110000000011111111100000000011111111100000000011111111100000000111111111000000000
1111111110000000001111111110000000011111111100000000011111111100000000011111111100000000111111111000000000
1111111110000000001111111110000000011111111100000000011111111100000000011111111100000000111111111000000000
1111111110000000001111111110000000011111111100000000011111111100000000011111111100000000111111111000000001
----- 034.pbm -----
P1
106 17
0000000000011111111110000000000011111111110000000000011111111111000000000011111111111000000000011111111111
0000000000011111111110000000000011111111110000000000011111111111000000000011111111111000000000011111111111
0000000000011111111110000000000011111111110000000000011111111111000000000011111111111000000000011111111111
0000000000011111111110000000000011111111110000000000011111111111000000000011111111111000000000011111111111
0000000000011111111110000000000011111111110000000000011111111111000000000011111111111000000000011111111111
0000000000011111111110000000000011111111110000000000011111111111000000000011111111111000000000011111111111
0000000000011111111110000000000011111111110000000000011111111111000000000011111111111000000000011111111111
0000000000011111111110000000000011111111110000000000011111111111000000000011111111111000000000011111111111
0000000000000000000000000000000000000000000000000000000000000000000000000000000000000000000000000000000000
1111111110000000001111111110000000011111111100000000011111111100000000011111111100000000111111111000000000
1111111110000000001111111110000000011111111100000000011111111100000000011111111100000000111111111000000000
1111111110000000001111111110000000011111111100000000011111111100000000011111111100000000111111111000000001
1111111110000000001111111110000000011111111100000000011111111100000000011111111100000000111111111000000000
1111111110000000001111111110000000011111111100000000011111111100000000011111111100000000111111111000000000
1111111110000000001111111110000000011111111100000000011111111100000000011111111100000000111111111000000000
1111111110000000001111111110000000011111111100000000011111111100000000011111111100000000111111111000000001
1111111110000000001111111110000000011111111100000000011111111100000000011111111100000000111111111000000000
----- 035.pbm -----
P1
106 17
0000000000011111111110000000000011111111110000000000011111111111000000000011111111111000000000011111111111
0000000000011111111110000000000011111111110000000000011111111111000000000011111111111000000000011111111111
0000000000011111111110000000000011111111110000000000011111111111000000000011111111111000000000011111111111
0000000000011111111110000000000011111111110000000000011111111111000000000011111111111000000000011111111111
0000000000011111111110000000000011111111110000000000011111111111000000000011111111111000000000011111111111
0000000000011111111110000000000011111111110000000000011111111111000000000011111111111000000000011111111111
0000000000011111111110000000000011111111110000000000011111111111000000000011111111111000000000011111111111
0000000000011111111110000000000011111111110000000000011111111111000000000011111111111000000000011111111111
0000000000000000000000000000000000000000000000000000000000000000000000000000000000000000000000000000000000
1111111110000000001111111110000000011111111100000000011111111100000000011111111100000000111111111000000000
1111111110000000001111111110000000011111111100000000011111111100000000011111111100000000111111111000000000
1111111110000000001111111110000000011111111100000000011111111100000000011111111100000000111111111000000001
1111111110000000001111111110000000011111111100000000011111111100000000011111111100000000111111111000000000
1111111110000000001111111110000000011111111100000000011111111100000000011111111100000000111111111000000000
1111111110000000001111111110000000011111111100000000011111111100000000011111111100000000111111111000000000
1111111110000000001111111110000000011111111100000000011111111100000000011111111100000000111111111000000001
1111111110000000001111111110000000011111111100000000011111111100000000011111111100000000111111111000000001
----- 036.pbm -----
P1
106 17
0000000000011111111110000000000011111111110000000000011111111111000000000011111111111000000000011111111111
0000000000011111111110000000000011111111110000000000011111111111000000000011111111111000000000011111111111
0000000000011111111110000000000011111111110000000000011111111111000000000011111111111000000000011111111111
0000000000011111111110000000000011111111110000000000011111111111000000000011111111111000000000011111111111
0000000000011111111110000000000011111111110000000000011111111111000000000011111111111000000000011111111111
0000000000011111111110000000000011111111110000000000011111111111000000000011111111111000000000011111111111
0000000000011111111110000000000011111111110000000000011111111111000000000011111111111000000000011111111111
0000000000011111111110000000000011111111110000000000011111111111000000000011111111111000000000011111111111
0000000000000000000000000000000000000000000000000000000000000000000000000000000000000000000000000000000000
1111111110000000001111111110000000011111111100000000011111111100000000011111111100000000111111111000000000
1111111110000000001111111110000000011111111100000000011111111100000000011111111100000000111111111000000000
1111111110000000001111111110000000011111111100000000011111111100000000011111111100000000111111111000000001
1111111110000000001111111110000000011111111100000000011111111100000000011111111100000000111111111000000000
1111111110000000001111111110000000011111111100000000011111111100000000011111111100000000111111111000000000
1111111110000000001111111110000000011111111100000000011111111100000000011111111100000000111111111000000001
1111111110000000001111111110000000011111111100000000011111111100000000011111111100000000111111111000000000
1111111110000000001111111110000000011111111100000000011111111100000000011111111100000000111111111000000000
----- 037.pbm -----
P1
106 17
0000000000011111111110000000000011111111110000000000011111111111000000000011111111111000000000011111111111
0000000000011111111110000000000011111111110000000000011111111111000000000011111111111000000000011111111111
0000000000011111111110000000000011111111110000000000011111111111000000000011111111111000000000011111111111
0000000000011111111110000000000011111111110000000000011111111111000000000011111111111000000000011111111111
0000000000011111111110000000000011111111110000000000011111111111000000000011111111111000000000011111111111
0000000000011111111110000000000011111111110000000000011111111111000000000011111111111000000000011111111111
0000000000011111111110000000000011111111110000000000011111111111000000000011111111111000000000011111111111
0000000000011111111110000000000011111111110000000000011111111111000000000011111111111000000000011111111111
0000000000000000000000000000000000000000000000000000000000000000000000000000000000000000000000000000000000
1111111110000000001111111110000000011111111100000000011111111100000000011111111100000000111111111000000000
1111111110000000001111111110000000011111111100000000011111111100000000011111111100000000111111111000000000
1111111110000000001111111110000000011111111100000000011111111100000000011111111100000000111111111000000001
1111111110000000001111111110000000011111111100000000011111111100000000011111111100000000111111111000000000
1111111110000000001111111110000000011111111100000000011111111100000000011111111100000000111111111000000000
1111111110000000001111111110000000011111111100000000011111111100000000011111111100000000111111111000000001
1111111110000000001111111110000000011111111100000000011111111100000000011111111100000000111111111000000000
1111111110000000001111111110000000011111111100000000011111111100000000011111111100000000111111111000000001
----- 038.pbm -----
P1
106 17
0000000000011111111110000000000011111111110000000000011111111111000000000011111111111000000000011111111111
0000000000011111111110000000000011111111110000000000011111111111000000000011111111111000000000011111111111
0000000000011111111110000000000011111111110000000000011111111111000000000011111111111000000000011111111111
0000000000011111111110000000000011111111110000000000011111111111000000000011111111111000000000011111111111
0000000000011111111110000000000011111111110000000000011111111111000000000011111111111000000000011111111111
0000000000011111111110000000000011111111110000000000011111111111000000000011111111111000000000011111111111
0000000000011111111110000000000011111111110000000000011111111111000000000011111111111000000000011111111111
0000000000011111111110000000000011111111110000000000011111111111000000000011111111111000000000011111111111
0000000000000000000000000000000000000000000000000000000000000000000000000000000000000000000000000000000000
1111111110000000001111111110000000011111111100000000011111111100000000011111111100000000111111111000000000
1111111110000000001111111110000000011111111100000000011111111100000000011111111100000000111111111000000000
1111111110000000001111111110000000011111111100000000011111111100000000011111111100000000111111111000000001
1111111110000000001111111110000000011111111100000000011111111100000000011111111100000000111111111000000000
1111111110000000001111111110000000011111111100000000011111111100000000011111111100000000111111111000000000
1111111110000000001111111110000000011111111100000000011111111100000000011111111100000000111111111000000001
1111111110000000001111111110000000011111111100000000011111111100000000011111111100000000111111111000000001
1111111110000000001111111110000000011111111100000000011111111100000000011111111100000000111111111000000000
----- 039.pbm -----
P1
106 17
0000000000011111111110000000000011111111110000000000011111111111000000000011111111111000000000011111111111
0000000000011111111110000000000011111111110000000000011111111111000000000011111111111000000000011111111111
0000000000011111111110000000000011111111110000000000011111111111000000000011111111111000000000011111111111
0000000000011111111110000000000011111111110000000000011111111111000000000011111111111000000000011111111111
0000000000011111111110000000000011111111110000000000011111111111000000000011111111111000000000011111111111
0000000000011111111110000000000011111111110000000000011111111111000000000011111111111000000000011111111111
0000000000011111111110000000000011111111110000000000011111111111000000000011111111111000000000011111111111
0000000000011111111110000000000011111111110000000000011111111111000000000011111111111000000000011111111111
0000000000000000000000000000000000000000000000000000000000000000000000000000000000000000000000000000000000
1111111110000000001111111110000000011111111100000000011111111100000000011111111100000000111111111000000000
1111111110000000001111111110000000011111111100000000011111111100000000011111111100000000111111111000000000
1111111110000000001111111110000000011111111100000000011111111100000000011111111100000000111111111000000001
1111111110000000001111111110000000011111111100000000011111111100000000011111111100000000111111111000000000
1111111110000000001111111110000000011111111100000000011111111100000000011111111100000000111111111000000000
1111111110000000001111111110000000011111111100000000011111111100000000011111111100000000111111111000000001
1111111110000000001111111110000000011111111100000000011111111100000000011111111100000000111111111000000001
1111111110000000001111111110000000011111111100000000011111111100000000011111111100000000111111111000000001
----- 040.pbm -----
P1
106 17
0000000000011111111110000000000011111111110000000000011111111111000000000011111111111000000000011111111111
0000000000011111111110000000000011111111110000000000011111111111000000000011111111111000000000011111111111
0000000000011111111110000000000011111111110000000000011111111111000000000011111111111000000000011111111111
0000000000011111111110000000000011111111110000000000011111111111000000000011111111111000000000011111111111
0000000000011111111110000000000011111111110000000000011111111111000000000011111111111000000000011111111111
0000000000011111111110000000000011111111110000000000011111111111000000000011111111111000000000011111111111
0000000000011111111110000000000011111111110000000000011111111111000000000011111111111000000000011111111111
0000000000011111111110000000000011111111110000000000011111111111000000000011111111111000000000011111111111
0000000000000000000000000000000000000000000000000000000000000000000000000000000000000000000000000000000000
1111111110000000001111111110000000011111111100000000011111111100000000011111111100000000111111111000000000
1111111110000000001111111110000000011111111100000000011111111100000000011111111100000000111111111000000000
1111111110000000001111111110000000011111111100000000011111111100000000011111111100000000111111111000000001
1111111110000000001111111110000000011111111100000000011111111100000000011111111100000000111111111000000000
1111111110000000001111111110000000011111111100000000011111111100000000011111111100000000111111111000000001
1111111110000000001111111110000000011111111100000000011111111100000000011111111100000000111111111000000000
1111111110000000001111111110000000011111111100000000011111111100000000011111111100000000111111111000000000
1111111110000000001111111110000000011111111100000000011111111100000000011111111100000000111111111000000000
----- 041.pbm -----
P1
106 17
0000000000011111111110000000000011111111110000000000011111111111000000000011111111111000000000011111111111
0000000000011111111110000000000011111111110000000000011111111111000000000011111111111000000000011111111111
0000000000011111111110000000000011111111110000000000011111111111000000000011111111111000000000011111111111
0000000000011111111110000000000011111111110000000000011111111111000000000011111111111000000000011111111111
0000000000011111111110000000000011111111110000000000011111111111000000000011111111111000000000011111111111
0000000000011111111110000000000011111111110000000000011111111111000000000011111111111000000000011111111111
0000000000011111111110000000000011111111110000000000011111111111000000000011111111111000000000011111111111
0000000000011111111110000000000011111111110000000000011111111111000000000011111111111000000000011111111111
0000000000000000000000000000000000000000000000000000000000000000000000000000000000000000000000000000000000
1111111110000000001111111110000000011111111100000000011111111100000000011111111100000000111111111000000000
1111111110000000001111111110000000011111111100000000011111111100000000011111111100000000111111111000000000
1111111110000000001111111110000000011111111100000000011111111100000000011111111100000000111111111000000001
1111111110000000001111111110000000011111111100000000011111111100000000011111111100000000111111111000000000
1111111110000000001111111110000000011111111100000000011111111100000000011111111100000000111111111000000001
1111111110000000001111111110000000011111111100000000011111111100000000011111111100000000111111111000000000
1111111110000000001111111110000000011111111100000000011111111100000000011111111100000000111111111000000000
1111111110000000001111111110000000011111111100000000011111111100000000011111111100000000111111111000000001
----- 042.pbm -----
P1
106 17
0000000000011111111110000000000011111111110000000000011111111111000000000011111111111000000000011111111111
0000000000011111111110000000000011111111110000000000011111111111000000000011111111111000000000011111111111
0000000000011111111110000000000011111111110000000000011111111111000000000011111111111000000000011111111111
0000000000011111111110000000000011111111110000000000011111111111000000000011111111111000000000011111111111
0000000000011111111110000000000011111111110000000000011111111111000000000011111111111000000000011111111111
0000000000011111111110000000000011111111110000000000011111111111000000000011111111111000000000011111111111
0000000000011111111110000000000011111111110000000000011111111111000000000011111111111000000000011111111111
0000000000011111111110000000000011111111110000000000011111111111000000000011111111111000000000011111111111
0000000000000000000000000000000000000000000000000000000000000000000000000000000000000000000000000000000000
1111111110000000001111111110000000011111111100000000011111111100000000011111111100000000111111111000000000
1111111110000000001111111110000000011111111100000000011111111100000000011111111100000000111111111000000000
1111111110000000001111111110000000011111111100000000011111111100000000011111111100000000111111111000000001
1111111110000000001111111110000000011111111100000000011111111100000000011111111100000000111111111000000000
1111111110000000001111111110000000011111111100000000011111111100000000011111111100000000111111111000000001
1111111110000000001111111110000000011111111100000000011111111100000000011111111100000000111111111000000000
1111111110000000001111111110000000011111111100000000011111111100000000011111111100000000111111111000000001
1111111110000000001111111110000000011111111100000000011111111100000000011111111100000000111111111000000000
----- 043.pbm -----
P1
106 17
0000000000011111111110000000000011111111110000000000011111111111000000000011111111111000000000011111111111
0000000000011111111110000000000011111111110000000000011111111111000000000011111111111000000000011111111111
0000000000011111111110000000000011111111110000000000011111111111000000000011111111111000000000011111111111
0000000000011111111110000000000011111111110000000000011111111111000000000011111111111000000000011111111111
0000000000011111111110000000000011111111110000000000011111111111000000000011111111111000000000011111111111
0000000000011111111110000000000011111111110000000000011111111111000000000011111111111000000000011111111111
0000000000011111111110000000000011111111110000000000011111111111000000000011111111111000000000011111111111
0000000000011111111110000000000011111111110000000000011111111111000000000011111111111000000000011111111111
0000000000000000000000000000000000000000000000000000000000000000000000000000000000000000000000000000000000
1111111110000000001111111110000000011111111100000000011111111100000000011111111100000000111111111000000000
1111111110000000001111111110000000011111111100000000011111111100000000011111111100000000111111111000000000
1111111110000000001111111110000000011111111100000000011111111100000000011111111100000000111111111000000001
1111111110000000001111111110000000011111111100000000011111111100000000011111111100000000111111111000000000
1111111110000000001111111110000000011111111100000000011111111100000000011111111100000000111111111000000001
1111111110000000001111111110000000011111111100000000011111111100000000011111111100000000111111111000000000
1111111110000000001111111110000000011111111100000000011111111100000000011111111100000000111111111000000001
1111111110000000001111111110000000011111111100000000011111111100000000011111111100000000111111111000000001
----- 044.pbm -----
P1
106 17
0000000000011111111110000000000011111111110000000000011111111111000000000011111111111000000000011111111111
0000000000011111111110000000000011111111110000000000011111111111000000000011111111111000000000011111111111
0000000000011111111110000000000011111111110000000000011111111111000000000011111111111000000000011111111111
0000000000011111111110000000000011111111110000000000011111111111000000000011111111111000000000011111111111
0000000000011111111110000000000011111111110000000000011111111111000000000011111111111000000000011111111111
0000000000011111111110000000000011111111110000000000011111111111000000000011111111111000000000011111111111
0000000000011111111110000000000011111111110000000000011111111111000000000011111111111000000000011111111111
0000000000011111111110000000000011111111110000000000011111111111000000000011111111111000000000011111111111
0000000000000000000000000000000000000000000000000000000000000000000000000000000000000000000000000000000000
1111111110000000001111111110000000011111111100000000011111111100000000011111111100000000111111111000000000
1111111110000000001111111110000000011111111100000000011111111100000000011111111100000000111111111000000000
1111111110000000001111111110000000011111111100000000011111111100000000011111111100000000111111111000000001
1111111110000000001111111110000000011111111100000000011111111100000000011111111100000000111111111000000000
1111111110000000001111111110000000011111111100000000011111111100000000011111111100000000111111111000000001
1111111110000000001111111110000000011111111100000000011111111100000000011111111100000000111111111000000001
1111111110000000001111111110000000011111111100000000011111111100000000011111111100000000111111111000000000
1111111110000000001111111110000000011111111100000000011111111100000000011111111100000000111111111000000000
----- 045.pbm -----
P1
106 17
0000000000011111111110000000000011111111110000000000011111111111000000000011111111111000000000011111111111
0000000000011111111110000000000011111111110000000000011111111111000000000011111111111000000000011111111111
0000000000011111111110000000000011111111110000000000011111111111000000000011111111111000000000011111111111
0000000000011111111110000000000011111111110000000000011111111111000000000011111111111000000000011111111111
0000000000011111111110000000000011111111110000000000011111111111000000000011111111111000000000011111111111
0000000000011111111110000000000011111111110000000000011111111111000000000011111111111000000000011111111111
0000000000011111111110000000000011111111110000000000011111111111000000000011111111111000000000011111111111
0000000000011111111110000000000011111111110000000000011111111111000000000011111111111000000000011111111111
0000000000000000000000000000000000000000000000000000000000000000000000000000000000000000000000000000000000
1111111110000000001111111110000000011111111100000000011111111100000000011111111100000000111111111000000000
1111111110000000001111111110000000011111111100000000011111111100000000011111111100000000111111111000000000
1111111110000000001111111110000000011111111100000000011111111100000000011111111100000000111111111000000001
1111111110000000001111111110000000011111111100000000011111111100000000011111111100000000111111111000000000
1111111110000000001111111110000000011111111100000000011111111100000000011111111100000000111111111000000001
1111111110000000001111111110000000011111111100000000011111111100000000011111111100000000111111111000000001
1111111110000000001111111110000000011111111100000000011111111100000000011111111100000000111111111000000000
1111111110000000001111111110000000011111111100000000011111111100000000011111111100000000111111111000000001
----- 046.pbm -----
P1
106 17
0000000000011111111110000000000011111111110000000000011111111111000000000011111111111000000000011111111111
0000000000011111111110000000000011111111110000000000011111111111000000000011111111111000000000011111111111
0000000000011111111110000000000011111111110000000000011111111111000000000011111111111000000000011111111111
0000000000011111111110000000000011111111110000000000011111111111000000000011111111111000000000011111111111
0000000000011111111110000000000011111111110000000000011111111111000000000011111111111000000000011111111111
0000000000011111111110000000000011111111110000000000011111111111000000000011111111111000000000011111111111
0000000000011111111110000000000011111111110000000000011111111111000000000011111111111000000000011111111111
0000000000011111111110000000000011111111110000000000011111111111000000000011111111111000000000011111111111
0000000000000000000000000000000000000000000000000000000000000000000000000000000000000000000000000000000000
1111111110000000001111111110000000011111111100000000011111111100000000011111111100000000111111111000000000
1111111110000000001111111110000000011111111100000000011111111100000000011111111100000000111111111000000000
1111111110000000001111111110000000011111111100000000011111111100000000011111111100000000111111111000000001
1111111110000000001111111110000000011111111100000000011111111100000000011111111100000000111111111000000000
1111111110000000001111111110000000011111111100000000011111111100000000011111111100000000111111111000000001
1111111110000000001111111110000000011111111100000000011111111100000000011111111100000000111111111000000001
1111111110000000001111111110000000011111111100000000011111111100000000011111111100000000111111111000000001
1111111110000000001111111110000000011111111100000000011111111100000000011111111100000000111111111000000000
----- 047.pbm -----
P1
106 17
0000000000011111111110000000000011111111110000000000011111111111000000000011111111111000000000011111111111
0000000000011111111110000000000011111111110000000000011111111111000000000011111111111000000000011111111111
0000000000011111111110000000000011111111110000000000011111111111000000000011111111111000000000011111111111
0000000000011111111110000000000011111111110000000000011111111111000000000011111111111000000000011111111111
0000000000011111111110000000000011111111110000000000011111111111000000000011111111111000000000011111111111
0000000000011111111110000000000011111111110000000000011111111111000000000011111111111000000000011111111111
0000000000011111111110000000000011111111110000000000011111111111000000000011111111111000000000011111111111
0000000000011111111110000000000011111111110000000000011111111111000000000011111111111000000000011111111111
0000000000000000000000000000000000000000000000000000000000000000000000000000000000000000000000000000000000
1111111110000000001111111110000000011111111100000000011111111100000000011111111100000000111111111000000000
1111111110000000001111111110000000011111111100000000011111111100000000011111111100000000111111111000000000
1111111110000000001111111110000000011111111100000000011111111100000000011111111100000000111111111000000001
1111111110000000001111111110000000011111111100000000011111111100000000011111111100000000111111111000000000
1111111110000000001111111110000000011111111100000000011111111100000000011111111100000000111111111000000001
1111111110000000001111111110000000011111111100000000011111111100000000011111111100000000111111111000000001
1111111110000000001111111110000000011111111100000000011111111100000000011111111100000000111111111000000001
1111111110000000001111111110000000011111111100000000011111111100000000011111111100000000111111111000000001
----- 048_0.pbm -----
P1
106 17
0000000000011111111110000000000011111111110000000000011111111111000000000011111111111000000000011111111111
0000000000011111111110000000000011111111110000000000011111111111000000000011111111111000000000011111111111
0000000000011111111110000000000011111111110000000000011111111111000000000011111111111000000000011111111111
0000000000011111111110000000000011111111110000000000011111111111000000000011111111111000000000011111111111
0000000000011111111110000000000011111111110000000000011111111111000000000011111111111000000000011111111111
0000000000011111111110000000000011111111110000000000011111111111000000000011111111111000000000011111111111
0000000000011111111110000000000011111111110000000000011111111111000000000011111111111000000000011111111111
0000000000011111111110000000000011111111110000000000011111111111000000000011111111111000000000011111111111
0000000000000000000000000000000000000000000000000000000000000000000000000000000000000000000000000000000000
1111111110000000001111111110000000011111111100000000011111111100000000011111111100000000111111111000000000
1111111110000000001111111110000000011111111100000000011111111100000000011111111100000000111111111000000000
1111111110000000001111111110000000011111111100000000011111111100000000011111111100000000111111111000000001
1111111110000000001111111110000000011111111100000000011111111100000000011111111100000000111111111000000001
1111111110000000001111111110000000011111111100000000011111111100000000011111111100000000111111111000000000
1111111110000000001111111110000000011111111100000000011111111100000000011111111100000000111111111000000000
1111111110000000001111111110000000011111111100000000011111111100000000011111111100000000111111111000000000
1111111110000000001111111110000000011111111100000000011111111100000000011111111100000000111111111000000000
----- 049_1.pbm -----
P1
106 17
0000000000011111111110000000000011111111110000000000011111111111000000000011111111111000000000011111111111
0000000000011111111110000000000011111111110000000000011111111111000000000011111111111000000000011111111111
0000000000011111111110000000000011111111110000000000011111111111000000000011111111111000000000011111111111
0000000000011111111110000000000011111111110000000000011111111111000000000011111111111000000000011111111111
0000000000011111111110000000000011111111110000000000011111111111000000000011111111111000000000011111111111
0000000000011111111110000000000011111111110000000000011111111111000000000011111111111000000000011111111111
0000000000011111111110000000000011111111110000000000011111111111000000000011111111111000000000011111111111
0000000000011111111110000000000011111111110000000000011111111111000000000011111111111000000000011111111111
0000000000000000000000000000000000000000000000000000000000000000000000000000000000000000000000000000000000
1111111110000000001111111110000000011111111100000000011111111100000000011111111100000000111111111000000000
1111111110000000001111111110000000011111111100000000011111111100000000011111111100000000111111111000000000
1111111110000000001111111110000000011111111100000000011111111100000000011111111100000000111111111000000001
1111111110000000001111111110000000011111111100000000011111111100000000011111111100000000111111111000000001
1111111110000000001111111110000000011111111100000000011111111100000000011111111100000000111111111000000000
1111111110000000001111111110000000011111111100000000011111111100000000011111111100000000111111111000000000
1111111110000000001111111110000000011111111100000000011111111100000000011111111100000000111111111000000000
1111111110000000001111111110000000011111111100000000011111111100000000011111111100000000111111111000000001
----- 050_2.pbm -----
P1
106 17
0000000000011111111110000000000011111111110000000000011111111111000000000011111111111000000000011111111111
0000000000011111111110000000000011111111110000000000011111111111000000000011111111111000000000011111111111
0000000000011111111110000000000011111111110000000000011111111111000000000011111111111000000000011111111111
0000000000011111111110000000000011111111110000000000011111111111000000000011111111111000000000011111111111
0000000000011111111110000000000011111111110000000000011111111111000000000011111111111000000000011111111111
0000000000011111111110000000000011111111110000000000011111111111000000000011111111111000000000011111111111
0000000000011111111110000000000011111111110000000000011111111111000000000011111111111000000000011111111111
0000000000011111111110000000000011111111110000000000011111111111000000000011111111111000000000011111111111
0000000000000000000000000000000000000000000000000000000000000000000000000000000000000000000000000000000000
1111111110000000001111111110000000011111111100000000011111111100000000011111111100000000111111111000000000
1111111110000000001111111110000000011111111100000000011111111100000000011111111100000000111111111000000000
1111111110000000001111111110000000011111111100000000011111111100000000011111111100000000111111111000000001
1111111110000000001111111110000000011111111100000000011111111100000000011111111100000000111111111000000001
1111111110000000001111111110000000011111111100000000011111111100000000011111111100000000111111111000000000
1111111110000000001111111110000000011111111100000000011111111100000000011111111100000000111111111000000000
1111111110000000001111111110000000011111111100000000011111111100000000011111111100000000111111111000000001
1111111110000000001111111110000000011111111100000000011111111100000000011111111100000000111111111000000000
----- 051_3.pbm -----
P1
106 17
0000000000011111111110000000000011111111110000000000011111111111000000000011111111111000000000011111111111
0000000000011111111110000000000011111111110000000000011111111111000000000011111111111000000000011111111111
0000000000011111111110000000000011111111110000000000011111111111000000000011111111111000000000011111111111
0000000000011111111110000000000011111111110000000000011111111111000000000011111111111000000000011111111111
0000000000011111111110000000000011111111110000000000011111111111000000000011111111111000000000011111111111
0000000000011111111110000000000011111111110000000000011111111111000000000011111111111000000000011111111111
0000000000011111111110000000000011111111110000000000011111111111000000000011111111111000000000011111111111
0000000000011111111110000000000011111111110000000000011111111111000000000011111111111000000000011111111111
0000000000000000000000000000000000000000000000000000000000000000000000000000000000000000000000000000000000
1111111110000000001111111110000000011111111100000000011111111100000000011111111100000000111111111000000000
1111111110000000001111111110000000011111111100000000011111111100000000011111111100000000111111111000000000
1111111110000000001111111110000000011111111100000000011111111100000000011111111100000000111111111000000001
1111111110000000001111111110000000011111111100000000011111111100000000011111111100000000111111111000000001
1111111110000000001111111110000000011111111100000000011111111100000000011111111100000000111111111000000000
1111111110000000001111111110000000011111111100000000011111111100000000011111111100000000111111111000000000
1111111110000000001111111110000000011111111100000000011111111100000000011111111100000000111111111000000001
1111111110000000001111111110000000011111111100000000011111111100000000011111111100000000111111111000000001
----- 052_4.pbm -----
P1
106 17
0000000000011111111110000000000011111111110000000000011111111111000000000011111111111000000000011111111111
0000000000011111111110000000000011111111110000000000011111111111000000000011111111111000000000011111111111
0000000000011111111110000000000011111111110000000000011111111111000000000011111111111000000000011111111111
0000000000011111111110000000000011111111110000000000011111111111000000000011111111111000000000011111111111
0000000000011111111110000000000011111111110000000000011111111111000000000011111111111000000000011111111111
0000000000011111111110000000000011111111110000000000011111111111000000000011111111111000000000011111111111
0000000000011111111110000000000011111111110000000000011111111111000000000011111111111000000000011111111111
0000000000011111111110000000000011111111110000000000011111111111000000000011111111111000000000011111111111
0000000000000000000000000000000000000000000000000000000000000000000000000000000000000000000000000000000000
1111111110000000001111111110000000011111111100000000011111111100000000011111111100000000111111111000000000
1111111110000000001111111110000000011111111100000000011111111100000000011111111100000000111111111000000000
1111111110000000001111111110000000011111111100000000011111111100000000011111111100000000111111111000000001
1111111110000000001111111110000000011111111100000000011111111100000000011111111100000000111111111000000001
1111111110000000001111111110000000011111111100000000011111111100000000011111111100000000111111111000000000
1111111110000000001111111110000000011111111100000000011111111100000000011111111100000000111111111000000001
1111111110000000001111111110000000011111111100000000011111111100000000011111111100000000111111111000000000
1111111110000000001111111110000000011111111100000000011111111100000000011111111100000000111111111000000000
----- 053_5.pbm -----
P1
106 17
0000000000011111111110000000000011111111110000000000011111111111000000000011111111111000000000011111111111
0000000000011111111110000000000011111111110000000000011111111111000000000011111111111000000000011111111111
0000000000011111111110000000000011111111110000000000011111111111000000000011111111111000000000011111111111
0000000000011111111110000000000011111111110000000000011111111111000000000011111111111000000000011111111111
0000000000011111111110000000000011111111110000000000011111111111000000000011111111111000000000011111111111
0000000000011111111110000000000011111111110000000000011111111111000000000011111111111000000000011111111111
0000000000011111111110000000000011111111110000000000011111111111000000000011111111111000000000011111111111
0000000000011111111110000000000011111111110000000000011111111111000000000011111111111000000000011111111111
0000000000000000000000000000000000000000000000000000000000000000000000000000000000000000000000000000000000
1111111110000000001111111110000000011111111100000000011111111100000000011111111100000000111111111000000000
1111111110000000001111111110000000011111111100000000011111111100000000011111111100000000111111111000000000
1111111110000000001111111110000000011111111100000000011111111100000000011111111100000000111111111000000001
1111111110000000001111111110000000011111111100000000011111111100000000011111111100000000111111111000000001
1111111110000000001111111110000000011111111100000000011111111100000000011111111100000000111111111000000000
1111111110000000001111111110000000011111111100000000011111111100000000011111111100000000111111111000000001
1111111110000000001111111110000000011111111100000000011111111100000000011111111100000000111111111000000000
1111111110000000001111111110000000011111111100000000011111111100000000011111111100000000111111111000000001
----- 054_6.pbm -----
P1
106 17
0000000000011111111110000000000011111111110000000000011111111111000000000011111111111000000000011111111111
0000000000011111111110000000000011111111110000000000011111111111000000000011111111111000000000011111111111
0000000000011111111110000000000011111111110000000000011111111111000000000011111111111000000000011111111111
0000000000011111111110000000000011111111110000000000011111111111000000000011111111111000000000011111111111
0000000000011111111110000000000011111111110000000000011111111111000000000011111111111000000000011111111111
0000000000011111111110000000000011111111110000000000011111111111000000000011111111111000000000011111111111
0000000000011111111110000000000011111111110000000000011111111111000000000011111111111000000000011111111111
0000000000011111111110000000000011111111110000000000011111111111000000000011111111111000000000011111111111
0000000000000000000000000000000000000000000000000000000000000000000000000000000000000000000000000000000000
1111111110000000001111111110000000011111111100000000011111111100000000011111111100000000111111111000000000
1111111110000000001111111110000000011111111100000000011111111100000000011111111100000000111111111000000000
1111111110000000001111111110000000011111111100000000011111111100000000011111111100000000111111111000000001
1111111110000000001111111110000000011111111100000000011111111100000000011111111100000000111111111000000001
1111111110000000001111111110000000011111111100000000011111111100000000011111111100000000111111111000000000
1111111110000000001111111110000000011111111100000000011111111100000000011111111100000000111111111000000001
1111111110000000001111111110000000011111111100000000011111111100000000011111111100000000111111111000000001
1111111110000000001111111110000000011111111100000000011111111100000000011111111100000000111111111000000000
----- 055_7.pbm -----
P1
106 17
0000000000011111111110000000000011111111110000000000011111111111000000000011111111111000000000011111111111
0000000000011111111110000000000011111111110000000000011111111111000000000011111111111000000000011111111111
0000000000011111111110000000000011111111110000000000011111111111000000000011111111111000000000011111111111
0000000000011111111110000000000011111111110000000000011111111111000000000011111111111000000000011111111111
0000000000011111111110000000000011111111110000000000011111111111000000000011111111111000000000011111111111
0000000000011111111110000000000011111111110000000000011111111111000000000011111111111000000000011111111111
0000000000011111111110000000000011111111110000000000011111111111000000000011111111111000000000011111111111
0000000000011111111110000000000011111111110000000000011111111111000000000011111111111000000000011111111111
0000000000000000000000000000000000000000000000000000000000000000000000000000000000000000000000000000000000
1111111110000000001111111110000000011111111100000000011111111100000000011111111100000000111111111000000000
1111111110000000001111111110000000011111111100000000011111111100000000011111111100000000111111111000000000
1111111110000000001111111110000000011111111100000000011111111100000000011111111100000000111111111000000001
1111111110000000001111111110000000011111111100000000011111111100000000011111111100000000111111111000000001
1111111110000000001111111110000000011111111100000000011111111100000000011111111100000000111111111000000000
1111111110000000001111111110000000011111111100000000011111111100000000011111111100000000111111111000000001
1111111110000000001111111110000000011111111100000000011111111100000000011111111100000000111111111000000001
1111111110000000001111111110000000011111111100000000011111111100000000011111111100000000111111111000000001
----- 056_8.pbm -----
P1
106 17
0000000000011111111110000000000011111111110000000000011111111111000000000011111111111000000000011111111111
0000000000011111111110000000000011111111110000000000011111111111000000000011111111111000000000011111111111
0000000000011111111110000000000011111111110000000000011111111111000000000011111111111000000000011111111111
0000000000011111111110000000000011111111110000000000011111111111000000000011111111111000000000011111111111
0000000000011111111110000000000011111111110000000000011111111111000000000011111111111000000000011111111111
0000000000011111111110000000000011111111110000000000011111111111000000000011111111111000000000011111111111
0000000000011111111110000000000011111111110000000000011111111111000000000011111111111000000000011111111111
0000000000011111111110000000000011111111110000000000011111111111000000000011111111111000000000011111111111
0000000000000000000000000000000000000000000000000000000000000000000000000000000000000000000000000000000000
1111111110000000001111111110000000011111111100000000011111111100000000011111111100000000111111111000000000
1111111110000000001111111110000000011111111100000000011111111100000000011111111100000000111111111000000000
1111111110000000001111111110000000011111111100000000011111111100000000011111111100000000111111111000000001
1111111110000000001111111110000000011111111100000000011111111100000000011111111100000000111111111000000001
1111111110000000001111111110000000011111111100000000011111111100000000011111111100000000111111111000000001
1111111110000000001111111110000000011111111100000000011111111100000000011111111100000000111111111000000000
1111111110000000001111111110000000011111111100000000011111111100000000011111111100000000111111111000000000
1111111110000000001111111110000000011111111100000000011111111100000000011111111100000000111111111000000000
----- 057_9.pbm -----
P1
106 17
0000000000011111111110000000000011111111110000000000011111111111000000000011111111111000000000011111111111
0000000000011111111110000000000011111111110000000000011111111111000000000011111111111000000000011111111111
0000000000011111111110000000000011111111110000000000011111111111000000000011111111111000000000011111111111
0000000000011111111110000000000011111111110000000000011111111111000000000011111111111000000000011111111111
0000000000011111111110000000000011111111110000000000011111111111000000000011111111111000000000011111111111
0000000000011111111110000000000011111111110000000000011111111111000000000011111111111000000000011111111111
0000000000011111111110000000000011111111110000000000011111111111000000000011111111111000000000011111111111
0000000000011111111110000000000011111111110000000000011111111111000000000011111111111000000000011111111111
0000000000000000000000000000000000000000000000000000000000000000000000000000000000000000000000000000000000
1111111110000000001111111110000000011111111100000000011111111100000000011111111100000000111111111000000000
1111111110000000001111111110000000011111111100000000011111111100000000011111111100000000111111111000000000
1111111110000000001111111110000000011111111100000000011111111100000000011111111100000000111111111000000001
1111111110000000001111111110000000011111111100000000011111111100000000011111111100000000111111111000000001
1111111110000000001111111110000000011111111100000000011111111100000000011111111100000000111111111000000001
1111111110000000001111111110000000011111111100000000011111111100000000011111111100000000111111111000000000
1111111110000000001111111110000000011111111100000000011111111100000000011111111100000000111111111000000000
1111111110000000001111111110000000011111111100000000011111111100000000011111111100000000111111111000000001
----- 058.pbm -----
P1
106 17
0000000000011111111110000000000011111111110000000000011111111111000000000011111111111000000000011111111111
0000000000011111111110000000000011111111110000000000011111111111000000000011111111111000000000011111111111
0000000000011111111110000000000011111111110000000000011111111111000000000011111111111000000000011111111111
0000000000011111111110000000000011111111110000000000011111111111000000000011111111111000000000011111111111
0000000000011111111110000000000011111111110000000000011111111111000000000011111111111000000000011111111111
0000000000011111111110000000000011111111110000000000011111111111000000000011111111111000000000011111111111
0000000000011111111110000000000011111111110000000000011111111111000000000011111111111000000000011111111111
0000000000011111111110000000000011111111110000000000011111111111000000000011111111111000000000011111111111
0000000000000000000000000000000000000000000000000000000000000000000000000000000000000000000000000000000000
1111111110000000001111111110000000011111111100000000011111111100000000011111111100000000111111111000000000
1111111110000000001111111110000000011111111100000000011111111100000000011111111100000000111111111000000000
1111111110000000001111111110000000011111111100000000011111111100000000011111111100000000111111111000000001
1111111110000000001111111110000000011111111100000000011111111100000000011111111100000000111111111000000001
1111111110000000001111111110000000011111111100000000011111111100000000011111111100000000111111111000000001
1111111110000000001111111110000000011111111100000000011111111100000000011111111100000000111111111000000000
1111111110000000001111111110000000011111111100000000011111111100000000011111111100000000111111111000000001
1111111110000000001111111110000000011111111100000000011111111100000000011111111100000000111111111000000000
----- 059.pbm -----
P1
106 17
0000000000011111111110000000000011111111110000000000011111111111000000000011111111111000000000011111111111
0000000000011111111110000000000011111111110000000000011111111111000000000011111111111000000000011111111111
0000000000011111111110000000000011111111110000000000011111111111000000000011111111111000000000011111111111
0000000000011111111110000000000011111111110000000000011111111111000000000011111111111000000000011111111111
0000000000011111111110000000000011111111110000000000011111111111000000000011111111111000000000011111111111
0000000000011111111110000000000011111111110000000000011111111111000000000011111111111000000000011111111111
0000000000011111111110000000000011111111110000000000011111111111000000000011111111111000000000011111111111
0000000000011111111110000000000011111111110000000000011111111111000000000011111111111000000000011111111111
0000000000000000000000000000000000000000000000000000000000000000000000000000000000000000000000000000000000
1111111110000000001111111110000000011111111100000000011111111100000000011111111100000000111111111000000000
1111111110000000001111111110000000011111111100000000011111111100000000011111111100000000111111111000000000
1111111110000000001111111110000000011111111100000000011111111100000000011111111100000000111111111000000001
1111111110000000001111111110000000011111111100000000011111111100000000011111111100000000111111111000000001
1111111110000000001111111110000000011111111100000000011111111100000000011111111100000000111111111000000001
1111111110000000001111111110000000011111111100000000011111111100000000011111111100000000111111111000000000
1111111110000000001111111110000000011111111100000000011111111100000000011111111100000000111111111000000001
1111111110000000001111111110000000011111111100000000011111111100000000011111111100000000111111111000000001
----- 060.pbm -----
P1
106 17
0000000000011111111110000000000011111111110000000000011111111111000000000011111111111000000000011111111111
0000000000011111111110000000000011111111110000000000011111111111000000000011111111111000000000011111111111
0000000000011111111110000000000011111111110000000000011111111111000000000011111111111000000000011111111111
0000000000011111111110000000000011111111110000000000011111111111000000000011111111111000000000011111111111
0000000000011111111110000000000011111111110000000000011111111111000000000011111111111000000000011111111111
0000000000011111111110000000000011111111110000000000011111111111000000000011111111111000000000011111111111
0000000000011111111110000000000011111111110000000000011111111111000000000011111111111000000000011111111111
0000000000011111111110000000000011111111110000000000011111111111000000000011111111111000000000011111111111
0000000000000000000000000000000000000000000000000000000000000000000000000000000000000000000000000000000000
1111111110000000001111111110000000011111111100000000011111111100000000011111111100000000111111111000000000
1111111110000000001111111110000000011111111100000000011111111100000000011111111100000000111111111000000000
1111111110000000001111111110000000011111111100000000011111111100000000011111111100000000111111111000000001
1111111110000000001111111110000000011111111100000000011111111100000000011111111100000000111111111000000001
1111111110000000001111111110000000011111111100000000011111111100000000011111111100000000111111111000000001
1111111110000000001111111110000000011111111100000000011111111100000000011111111100000000111111111000000001
1111111110000000001111111110000000011111111100000000011111111100000000011111111100000000111111111000000000
1111111110000000001111111110000000011111111100000000011111111100000000011111111100000000111111111000000000
----- 061.pbm -----
P1
106 17
0000000000011111111110000000000011111111110000000000011111111111000000000011111111111000000000011111111111
0000000000011111111110000000000011111111110000000000011111111111000000000011111111111000000000011111111111
0000000000011111111110000000000011111111110000000000011111111111000000000011111111111000000000011111111111
0000000000011111111110000000000011111111110000000000011111111111000000000011111111111000000000011111111111
0000000000011111111110000000000011111111110000000000011111111111000000000011111111111000000000011111111111
0000000000011111111110000000000011111111110000000000011111111111000000000011111111111000000000011111111111
0000000000011111111110000000000011111111110000000000011111111111000000000011111111111000000000011111111111
0000000000011111111110000000000011111111110000000000011111111111000000000011111111111000000000011111111111
0000000000000000000000000000000000000000000000000000000000000000000000000000000000000000000000000000000000
1111111110000000001111111110000000011111111100000000011111111100000000011111111100000000111111111000000000
1111111110000000001111111110000000011111111100000000011111111100000000011111111100000000111111111000000000
1111111110000000001111111110000000011111111100000000011111111100000000011111111100000000111111111000000001
1111111110000000001111111110000000011111111100000000011111111100000000011111111100000000111111111000000001
1111111110000000001111111110000000011111111100000000011111111100000000011111111100000000111111111000000001
1111111110000000001111111110000000011111111100000000011111111100000000011111111100000000111111111000000001
1111111110000000001111111110000000011111111100000000011111111100000000011111111100000000111111111000000000
1111111110000000001111111110000000011111111100000000011111111100000000011111111100000000111111111000000001
----- 062.pbm -----
P1
106 17
0000000000011111111110000000000011111111110000000000011111111111000000000011111111111000000000011111111111
0000000000011111111110000000000011111111110000000000011111111111000000000011111111111000000000011111111111
0000000000011111111110000000000011111111110000000000011111111111000000000011111111111000000000011111111111
0000000000011111111110000000000011111111110000000000011111111111000000000011111111111000000000011111111111
0000000000011111111110000000000011111111110000000000011111111111000000000011111111111000000000011111111111
0000000000011111111110000000000011111111110000000000011111111111000000000011111111111000000000011111111111
0000000000011111111110000000000011111111110000000000011111111111000000000011111111111000000000011111111111
0000000000011111111110000000000011111111110000000000011111111111000000000011111111111000000000011111111111
0000000000000000000000000000000000000000000000000000000000000000000000000000000000000000000000000000000000
1111111110000000001111111110000000011111111100000000011111111100000000011111111100000000111111111000000000
1111111110000000001111111110000000011111111100000000011111111100000000011111111100000000111111111000000000
1111111110000000001111111110000000011111111100000000011111111100000000011111111100000000111111111000000001
1111111110000000001111111110000000011111111100000000011111111100000000011111111100000000111111111000000001
1111111110000000001111111110000000011111111100000000011111111100000000011111111100000000111111111000000001
1111111110000000001111111110000000011111111100000000011111111100000000011111111100000000111111111000000001
1111111110000000001111111110000000011111111100000000011111111100000000011111111100000000111111111000000001
1111111110000000001111111110000000011111111100000000011111111100000000011111111100000000111111111000000000
----- 063.pbm -----
P1
106 17
0000000000011111111110000000000011111111110000000000011111111111000000000011111111111000000000011111111111
0000000000011111111110000000000011111111110000000000011111111111000000000011111111111000000000011111111111
0000000000011111111110000000000011111111110000000000011111111111000000000011111111111000000000011111111111
0000000000011111111110000000000011111111110000000000011111111111000000000011111111111000000000011111111111
0000000000011111111110000000000011111111110000000000011111111111000000000011111111111000000000011111111111
0000000000011111111110000000000011111111110000000000011111111111000000000011111111111000000000011111111111
0000000000011111111110000000000011111111110000000000011111111111000000000011111111111000000000011111111111
0000000000011111111110000000000011111111110000000000011111111111000000000011111111111000000000011111111111
0000000000000000000000000000000000000000000000000000000000000000000000000000000000000000000000000000000000
1111111110000000001111111110000000011111111100000000011111111100000000011111111100000000111111111000000000
1111111110000000001111111110000000011111111100000000011111111100000000011111111100000000111111111000000000
1111111110000000001111111110000000011111111100000000011111111100000000011111111100000000111111111000000001
1111111110000000001111111110000000011111111100000000011111111100000000011111111100000000111111111000000001
1111111110000000001111111110000000011111111100000000011111111100000000011111111100000000111111111000000001
1111111110000000001111111110000000011111111100000000011111111100000000011111111100000000111111111000000001
1111111110000000001111111110000000011111111100000000011111111100000000011111111100000000111111111000000001
1111111110000000001111111110000000011111111100000000011111111100000000011111111100000000111111111000000001
----- 064.pbm -----
P1
106 17
0000000000011111111110000000000011111111110000000000011111111111000000000011111111111000000000011111111111
0000000000011111111110000000000011111111110000000000011111111111000000000011111111111000000000011111111111
0000000000011111111110000000000011111111110000000000011111111111000000000011111111111000000000011111111111
0000000000011111111110000000000011111111110000000000011111111111000000000011111111111000000000011111111111
0000000000011111111110000000000011111111110000000000011111111111000000000011111111111000000000011111111111
0000000000011111111110000000000011111111110000000000011111111111000000000011111111111000000000011111111111
0000000000011111111110000000000011111111110000000000011111111111000000000011111111111000000000011111111111
0000000000011111111110000000000011111111110000000000011111111111000000000011111111111000000000011111111111
0000000000000000000000000000000000000000000000000000000000000000000000000000000000000000000000000000000000
1111111110000000001111111110000000011111111100000000011111111100000000011111111100000000111111111000000000
1111111110000000001111111110000000011111111100000000011111111100000000011111111100000000111111111000000001
1111111110000000001111111110000000011111111100000000011111111100000000011111111100000000111111111000000000
1111111110000000001111111110000000011111111100000000011111111100000000011111111100000000111111111000000000
1111111110000000001111111110000000011111111100000000011111111100000000011111111100000000111111111000000000
1111111110000000001111111110000000011111111100000000011111111100000000011111111100000000111111111000000000
1111111110000000001111111110000000011111111100000000011111111100000000011111111100000000111111111000000000
1111111110000000001111111110000000011111111100000000011111111100000000011111111100000000111111111000000000
----- 065_A.pbm -----
P1
106 17
0000000000011111111110000000000011111111110000000000011111111111000000000011111111111000000000011111111111
0000000000011111111110000000000011111111110000000000011111111111000000000011111111111000000000011111111111
0000000000011111111110000000000011111111110000000000011111111111000000000011111111111000000000011111111111
0000000000011111111110000000000011111111110000000000011111111111000000000011111111111000000000011111111111
0000000000011111111110000000000011111111110000000000011111111111000000000011111111111000000000011111111111
0000000000011111111110000000000011111111110000000000011111111111000000000011111111111000000000011111111111
0000000000011111111110000000000011111111110000000000011111111111000000000011111111111000000000011111111111
0000000000011111111110000000000011111111110000000000011111111111000000000011111111111000000000011111111111
0000000000000000000000000000000000000000000000000000000000000000000000000000000000000000000000000000000000
1111111110000000001111111110000000011111111100000000011111111100000000011111111100000000111111111000000000
1111111110000000001111111110000000011111111100000000011111111100000000011111111100000000111111111000000001
1111111110000000001111111110000000011111111100000000011111111100000000011111111100000000111111111000000000
1111111110000000001111111110000000011111111100000000011111111100000000011111111100000000111111111000000000
1111111110000000001111111110000000011111111100000000011111111100000000011111111100000000111111111000000000
1111111110000000001111111110000000011111111100000000011111111100000000011111111100000000111111111000000000
1111111110000000001111111110000000011111111100000000011111111100000000011111111100000000111111111000000000
1111111110000000001111111110000000011111111100000000011111111100000000011111111100000000111111111000000001
----- 066_B.pbm -----
P1
106 17
0000000000011111111110000000000011111111110000000000011111111111000000000011111111111000000000011111111111
0000000000011111111110000000000011111111110000000000011111111111000000000011111111111000000000011111111111
0000000000011111111110000000000011111111110000000000011111111111000000000011111111111000000000011111111111
0000000000011111111110000000000011111111110000000000011111111111000000000011111111111000000000011111111111
0000000000011111111110000000000011111111110000000000011111111111000000000011111111111000000000011111111111
0000000000011111111110000000000011111111110000000000011111111111000000000011111111111000000000011111111111
0000000000011111111110000000000011111111110000000000011111111111000000000011111111111000000000011111111111
0000000000011111111110000000000011111111110000000000011111111111000000000011111111111000000000011111111111
0000000000000000000000000000000000000000000000000000000000000000000000000000000000000000000000000000000000
1111111110000000001111111110000000011111111100000000011111111100000000011111111100000000111111111000000000
1111111110000000001111111110000000011111111100000000011111111100000000011111111100000000111111111000000001
1111111110000000001111111110000000011111111100000000011111111100000000011111111100000000111111111000000000
1111111110000000001111111110000000011111111100000000011111111100000000011111111100000000111111111000000000
1111111110000000001111111110000000011111111100000000011111111100000000011111111100000000111111111000000000
1111111110000000001111111110000000011111111100000000011111111100000000011111111100000000111111111000000000
1111111110000000001111111110000000011111111100000000011111111100000000011111111100000000111111111000000001
1111111110000000001111111110000000011111111100000000011111111100000000011111111100000000111111111000000000
----- 067_C.pbm -----
P1
106 17
0000000000011111111110000000000011111111110000000000011111111111000000000011111111111000000000011111111111
0000000000011111111110000000000011111111110000000000011111111111000000000011111111111000000000011111111111
0000000000011111111110000000000011111111110000000000011111111111000000000011111111111000000000011111111111
0000000000011111111110000000000011111111110000000000011111111111000000000011111111111000000000011111111111
0000000000011111111110000000000011111111110000000000011111111111000000000011111111111000000000011111111111
0000000000011111111110000000000011111111110000000000011111111111000000000011111111111000000000011111111111
0000000000011111111110000000000011111111110000000000011111111111000000000011111111111000000000011111111111
0000000000011111111110000000000011111111110000000000011111111111000000000011111111111000000000011111111111
0000000000000000000000000000000000000000000000000000000000000000000000000000000000000000000000000000000000
1111111110000000001111111110000000011111111100000000011111111100000000011111111100000000111111111000000000
1111111110000000001111111110000000011111111100000000011111111100000000011111111100000000111111111000000001
1111111110000000001111111110000000011111111100000000011111111100000000011111111100000000111111111000000000
1111111110000000001111111110000000011111111100000000011111111100000000011111111100000000111111111000000000
1111111110000000001111111110000000011111111100000000011111111100000000011111111100000000111111111000000000
1111111110000000001111111110000000011111111100000000011111111100000000011111111100000000111111111000000000
1111111110000000001111111110000000011111111100000000011111111100000000011111111100000000111111111000000001
1111111110000000001111111110000000011111111100000000011111111100000000011111111100000000111111111000000001
----- 068_D.pbm -----
P1
106 17
0000000000011111111110000000000011111111110000000000011111111111000000000011111111111000000000011111111111
0000000000011111111110000000000011111111110000000000011111111111000000000011111111111000000000011111111111
0000000000011111111110000000000011111111110000000000011111111111000000000011111111111000000000011111111111
0000000000011111111110000000000011111111110000000000011111111111000000000011111111111000000000011111111111
0000000000011111111110000000000011111111110000000000011111111111000000000011111111111000000000011111111111
0000000000011111111110000000000011111111110000000000011111111111000000000011111111111000000000011111111111
0000000000011111111110000000000011111111110000000000011111111111000000000011111111111000000000011111111111
0000000000011111111110000000000011111111110000000000011111111111000000000011111111111000000000011111111111
0000000000000000000000000000000000000000000000000000000000000000000000000000000000000000000000000000000000
1111111110000000001111111110000000011111111100000000011111111100000000011111111100000000111111111000000000
1111111110000000001111111110000000011111111100000000011111111100000000011111111100000000111111111000000001
1111111110000000001111111110000000011111111100000000011111111100000000011111111100000000111111111000000000
1111111110000000001111111110000000011111111100000000011111111100000000011111111100000000111111111000000000
1111111110000000001111111110000000011111111100000000011111111100000000011111111100000000111111111000000000
1111111110000000001111111110000000011111111100000000011111111100000000011111111100000000111111111000000001
1111111110000000001111111110000000011111111100000000011111111100000000011111111100000000111111111000000000
1111111110000000001111111110000000011111111100000000011111111100000000011111111100000000111111111000000000
----- 069_E.pbm -----
P1
106 17
0000000000011111111110000000000011111111110000000000011111111111000000000011111111111000000000011111111111
0000000000011111111110000000000011111111110000000000011111111111000000000011111111111000000000011111111111
0000000000011111111110000000000011111111110000000000011111111111000000000011111111111000000000011111111111
0000000000011111111110000000000011111111110000000000011111111111000000000011111111111000000000011111111111
0000000000011111111110000000000011111111110000000000011111111111000000000011111111111000000000011111111111
0000000000011111111110000000000011111111110000000000011111111111000000000011111111111000000000011111111111
0000000000011111111110000000000011111111110000000000011111111111000000000011111111111000000000011111111111
0000000000011111111110000000000011111111110000000000011111111111000000000011111111111000000000011111111111
0000000000000000000000000000000000000000000000000000000000000000000000000000000000000000000000000000000000
1111111110000000001111111110000000011111111100000000011111111100000000011111111100000000111111111000000000
1111111110000000001111111110000000011111111100000000011111111100000000011111111100000000111111111000000001
1111111110000000001111111110000000011111111100000000011111111100000000011111111100000000111111111000000000
1111111110000000001111111110000000011111111100000000011111111100000000011111111100000000111111111000000000
1111111110000000001111111110000000011111111100000000011111111100000000011111111100000000111111111000000000
1111111110000000001111111110000000011111111100000000011111111100000000011111111100000000111111111000000001
1111111110000000001111111110000000011111111100000000011111111100000000011111111100000000111111111000000000
1111111110000000001111111110000000011111111100000000011111111100000000011111111100000000111111111000000001
----- 070_F.pbm -----
P1
106 17
0000000000011111111110000000000011111111110000000000011111111111000000000011111111111000000000011111111111
0000000000011111111110000000000011111111110000000000011111111111000000000011111111111000000000011111111111
0000000000011111111110000000000011111111110000000000011111111111000000000011111111111000000000011111111111
0000000000011111111110000000000011111111110000000000011111111111000000000011111111111000000000011111111111
0000000000011111111110000000000011111111110000000000011111111111000000000011111111111000000000011111111111
0000000000011111111110000000000011111111110000000000011111111111000000000011111111111000000000011111111111
0000000000011111111110000000000011111111110000000000011111111111000000000011111111111000000000011111111111
0000000000011111111110000000000011111111110000000000011111111111000000000011111111111000000000011111111111
0000000000000000000000000000000000000000000000000000000000000000000000000000000000000000000000000000000000
1111111110000000001111111110000000011111111100000000011111111100000000011111111100000000111111111000000000
1111111110000000001111111110000000011111111100000000011111111100000000011111111100000000111111111000000001
1111111110000000001111111110000000011111111100000000011111111100000000011111111100000000111111111000000000
1111111110000000001111111110000000011111111100000000011111111100000000011111111100000000111111111000000000
1111111110000000001111111110000000011111111100000000011111111100000000011111111100000000111111111000000000
1111111110000000001111111110000000011111111100000000011111111100000000011111111100000000111111111000000001
1111111110000000001111111110000000011111111100000000011111111100000000011111111100000000111111111000000001
1111111110000000001111111110000000011111111100000000011111111100000000011111111100000000111111111000000000
----- 071_G.pbm -----
P1
106 17
0000000000011111111110000000000011111111110000000000011111111111000000000011111111111000000000011111111111
0000000000011111111110000000000011111111110000000000011111111111000000000011111111111000000000011111111111
0000000000011111111110000000000011111111110000000000011111111111000000000011111111111000000000011111111111
0000000000011111111110000000000011111111110000000000011111111111000000000011111111111000000000011111111111
0000000000011111111110000000000011111111110000000000011111111111000000000011111111111000000000011111111111
0000000000011111111110000000000011111111110000000000011111111111000000000011111111111000000000011111111111
0000000000011111111110000000000011111111110000000000011111111111000000000011111111111000000000011111111111
0000000000011111111110000000000011111111110000000000011111111111000000000011111111111000000000011111111111
0000000000000000000000000000000000000000000000000000000000000000000000000000000000000000000000000000000000
1111111110000000001111111110000000011111111100000000011111111100000000011111111100000000111111111000000000
1111111110000000001111111110000000011111111100000000011111111100000000011111111100000000111111111000000001
1111111110000000001111111110000000011111111100000000011111111100000000011111111100000000111111111000000000
1111111110000000001111111110000000011111111100000000011111111100000000011111111100000000111111111000000000
1111111110000000001111111110000000011111111100000000011111111100000000011111111100000000111111111000000000
1111111110000000001111111110000000011111111100000000011111111100000000011111111100000000111111111000000001
1111111110000000001111111110000000011111111100000000011111111100000000011111111100000000111111111000000001
1111111110000000001111111110000000011111111100000000011111111100000000011111111100000000111111111000000001
----- 072_H.pbm -----
P1
106 17
0000000000011111111110000000000011111111110000000000011111111111000000000011111111111000000000011111111111
0000000000011111111110000000000011111111110000000000011111111111000000000011111111111000000000011111111111
0000000000011111111110000000000011111111110000000000011111111111000000000011111111111000000000011111111111
0000000000011111111110000000000011111111110000000000011111111111000000000011111111111000000000011111111111
0000000000011111111110000000000011111111110000000000011111111111000000000011111111111000000000011111111111
0000000000011111111110000000000011111111110000000000011111111111000000000011111111111000000000011111111111
0000000000011111111110000000000011111111110000000000011111111111000000000011111111111000000000011111111111
0000000000011111111110000000000011111111110000000000011111111111000000000011111111111000000000011111111111
0000000000000000000000000000000000000000000000000000000000000000000000000000000000000000000000000000000000
1111111110000000001111111110000000011111111100000000011111111100000000011111111100000000111111111000000000
1111111110000000001111111110000000011111111100000000011111111100000000011111111100000000111111111000000001
1111111110000000001111111110000000011111111100000000011111111100000000011111111100000000111111111000000000
1111111110000000001111111110000000011111111100000000011111111100000000011111111100000000111111111000000000
1111111110000000001111111110000000011111111100000000011111111100000000011111111100000000111111111000000001
1111111110000000001111111110000000011111111100000000011111111100000000011111111100000000111111111000000000
1111111110000000001111111110000000011111111100000000011111111100000000011111111100000000111111111000000000
1111111110000000001111111110000000011111111100000000011111111100000000011111111100000000111111111000000000
----- 073_I.pbm -----
P1
106 17
0000000000011111111110000000000011111111110000000000011111111111000000000011111111111000000000011111111111
0000000000011111111110000000000011111111110000000000011111111111000000000011111111111000000000011111111111
0000000000011111111110000000000011111111110000000000011111111111000000000011111111111000000000011111111111
0000000000011111111110000000000011111111110000000000011111111111000000000011111111111000000000011111111111
0000000000011111111110000000000011111111110000000000011111111111000000000011111111111000000000011111111111
0000000000011111111110000000000011111111110000000000011111111111000000000011111111111000000000011111111111
0000000000011111111110000000000011111111110000000000011111111111000000000011111111111000000000011111111111
0000000000011111111110000000000011111111110000000000011111111111000000000011111111111000000000011111111111
0000000000000000000000000000000000000000000000000000000000000000000000000000000000000000000000000000000000
1111111110000000001111111110000000011111111100000000011111111100000000011111111100000000111111111000000000
1111111110000000001111111110000000011111111100000000011111111100000000011111111100000000111111111000000001
1111111110000000001111111110000000011111111100000000011111111100000000011111111100000000111111111000000000
1111111110000000001111111110000000011111111100000000011111111100000000011111111100000000111111111000000000
1111111110000000001111111110000000011111111100000000011111111100000000011111111100000000111111111000000001
1111111110000000001111111110000000011111111100000000011111111100000000011111111100000000111111111000000000
1111111110000000001111111110000000011111111100000000011111111100000000011111111100000000111111111000000000
1111111110000000001111111110000000011111111100000000011111111100000000011111111100000000111111111000000001
----- 074_J.pbm -----
P1
106 17
0000000000011111111110000000000011111111110000000000011111111111000000000011111111111000000000011111111111
0000000000011111111110000000000011111111110000000000011111111111000000000011111111111000000000011111111111
0000000000011111111110000000000011111111110000000000011111111111000000000011111111111000000000011111111111
0000000000011111111110000000000011111111110000000000011111111111000000000011111111111000000000011111111111
0000000000011111111110000000000011111111110000000000011111111111000000000011111111111000000000011111111111
0000000000011111111110000000000011111111110000000000011111111111000000000011111111111000000000011111111111
0000000000011111111110000000000011111111110000000000011111111111000000000011111111111000000000011111111111
0000000000011111111110000000000011111111110000000000011111111111000000000011111111111000000000011111111111
0000000000000000000000000000000000000000000000000000000000000000000000000000000000000000000000000000000000
1111111110000000001111111110000000011111111100000000011111111100000000011111111100000000111111111000000000
1111111110000000001111111110000000011111111100000000011111111100000000011111111100000000111111111000000001
1111111110000000001111111110000000011111111100000000011111111100000000011111111100000000111111111000000000
1111111110000000001111111110000000011111111100000000011111111100000000011111111100000000111111111000000000
1111111110000000001111111110000000011111111100000000011111111100000000011111111100000000111111111000000001
1111111110000000001111111110000000011111111100000000011111111100000000011111111100000000111111111000000000
1111111110000000001111111110000000011111111100000000011111111100000000011111111100000000111111111000000001
1111111110000000001111111110000000011111111100000000011111111100000000011111111100000000111111111000000000
----- 075_K.pbm -----
P1
106 17
0000000000011111111110000000000011111111110000000000011111111111000000000011111111111000000000011111111111
0000000000011111111110000000000011111111110000000000011111111111000000000011111111111000000000011111111111
0000000000011111111110000000000011111111110000000000011111111111000000000011111111111000000000011111111111
0000000000011111111110000000000011111111110000000000011111111111000000000011111111111000000000011111111111
0000000000011111111110000000000011111111110000000000011111111111000000000011111111111000000000011111111111
0000000000011111111110000000000011111111110000000000011111111111000000000011111111111000000000011111111111
0000000000011111111110000000000011111111110000000000011111111111000000000011111111111000000000011111111111
0000000000011111111110000000000011111111110000000000011111111111000000000011111111111000000000011111111111
0000000000000000000000000000000000000000000000000000000000000000000000000000000000000000000000000000000000
1111111110000000001111111110000000011111111100000000011111111100000000011111111100000000111111111000000000
1111111110000000001111111110000000011111111100000000011111111100000000011111111100000000111111111000000001
1111111110000000001111111110000000011111111100000000011111111100000000011111111100000000111111111000000000
1111111110000000001111111110000000011111111100000000011111111100000000011111111100000000111111111000000000
1111111110000000001111111110000000011111111100000000011111111100000000011111111100000000111111111000000001
1111111110000000001111111110000000011111111100000000011111111100000000011111111100000000111111111000000000
1111111110000000001111111110000000011111111100000000011111111100000000011111111100000000111111111000000001
1111111110000000001111111110000000011111111100000000011111111100000000011111111100000000111111111000000001
----- 076_L.pbm -----
P1
106 17
0000000000011111111110000000000011111111110000000000011111111111000000000011111111111000000000011111111111
0000000000011111111110000000000011111111110000000000011111111111000000000011111111111000000000011111111111
0000000000011111111110000000000011111111110000000000011111111111000000000011111111111000000000011111111111
0000000000011111111110000000000011111111110000000000011111111111000000000011111111111000000000011111111111
0000000000011111111110000000000011111111110000000000011111111111000000000011111111111000000000011111111111
0000000000011111111110000000000011111111110000000000011111111111000000000011111111111000000000011111111111
0000000000011111111110000000000011111111110000000000011111111111000000000011111111111000000000011111111111
0000000000011111111110000000000011111111110000000000011111111111000000000011111111111000000000011111111111
0000000000000000000000000000000000000000000000000000000000000000000000000000000000000000000000000000000000
1111111110000000001111111110000000011111111100000000011111111100000000011111111100000000111111111000000000
1111111110000000001111111110000000011111111100000000011111111100000000011111111100000000111111111000000001
1111111110000000001111111110000000011111111100000000011111111100000000011111111100000000111111111000000000
1111111110000000001111111110000000011111111100000000011111111100000000011111111100000000111111111000000000
1111111110000000001111111110000000011111111100000000011111111100000000011111111100000000111111111000000001
1111111110000000001111111110000000011111111100000000011111111100000000011111111100000000111111111000000001
1111111110000000001111111110000000011111111100000000011111111100000000011111111100000000111111111000000000
1111111110000000001111111110000000011111111100000000011111111100000000011111111100000000111111111000000000
----- 077_M.pbm -----
P1
106 17
0000000000011111111110000000000011111111110000000000011111111111000000000011111111111000000000011111111111
0000000000011111111110000000000011111111110000000000011111111111000000000011111111111000000000011111111111
0000000000011111111110000000000011111111110000000000011111111111000000000011111111111000000000011111111111
0000000000011111111110000000000011111111110000000000011111111111000000000011111111111000000000011111111111
0000000000011111111110000000000011111111110000000000011111111111000000000011111111111000000000011111111111
0000000000011111111110000000000011111111110000000000011111111111000000000011111111111000000000011111111111
0000000000011111111110000000000011111111110000000000011111111111000000000011111111111000000000011111111111
0000000000011111111110000000000011111111110000000000011111111111000000000011111111111000000000011111111111
0000000000000000000000000000000000000000000000000000000000000000000000000000000000000000000000000000000000
1111111110000000001111111110000000011111111100000000011111111100000000011111111100000000111111111000000000
1111111110000000001111111110000000011111111100000000011111111100000000011111111100000000111111111000000001
1111111110000000001111111110000000011111111100000000011111111100000000011111111100000000111111111000000000
1111111110000000001111111110000000011111111100000000011111111100000000011111111100000000111111111000000000
1111111110000000001111111110000000011111111100000000011111111100000000011111111100000000111111111000000001
1111111110000000001111111110000000011111111100000000011111111100000000011111111100000000111111111000000001
1111111110000000001111111110000000011111111100000000011111111100000000011111111100000000111111111000000000
1111111110000000001111111110000000011111111100000000011111111100000000011111111100000000111111111000000001
----- 078_N.pbm -----
P1
106 17
0000000000011111111110000000000011111111110000000000011111111111000000000011111111111000000000011111111111
0000000000011111111110000000000011111111110000000000011111111111000000000011111111111000000000011111111111
0000000000011111111110000000000011111111110000000000011111111111000000000011111111111000000000011111111111
0000000000011111111110000000000011111111110000000000011111111111000000000011111111111000000000011111111111
0000000000011111111110000000000011111111110000000000011111111111000000000011111111111000000000011111111111
0000000000011111111110000000000011111111110000000000011111111111000000000011111111111000000000011111111111
0000000000011111111110000000000011111111110000000000011111111111000000000011111111111000000000011111111111
0000000000011111111110000000000011111111110000000000011111111111000000000011111111111000000000011111111111
0000000000000000000000000000000000000000000000000000000000000000000000000000000000000000000000000000000000
1111111110000000001111111110000000011111111100000000011111111100000000011111111100000000111111111000000000
1111111110000000001111111110000000011111111100000000011111111100000000011111111100000000111111111000000001
1111111110000000001111111110000000011111111100000000011111111100000000011111111100000000111111111000000000
1111111110000000001111111110000000011111111100000000011111111100000000011111111100000000111111111000000000
1111111110000000001111111110000000011111111100000000011111111100000000011111111100000000111111111000000001
1111111110000000001111111110000000011111111100000000011111111100000000011111111100000000111111111000000001
1111111110000000001111111110000000011111111100000000011111111100000000011111111100000000111111111000000001
1111111110000000001111111110000000011111111100000000011111111100000000011111111100000000111111111000000000
----- 079_O.pbm -----
P1
106 17
0000000000011111111110000000000011111111110000000000011111111111000000000011111111111000000000011111111111
0000000000011111111110000000000011111111110000000000011111111111000000000011111111111000000000011111111111
0000000000011111111110000000000011111111110000000000011111111111000000000011111111111000000000011111111111
0000000000011111111110000000000011111111110000000000011111111111000000000011111111111000000000011111111111
0000000000011111111110000000000011111111110000000000011111111111000000000011111111111000000000011111111111
0000000000011111111110000000000011111111110000000000011111111111000000000011111111111000000000011111111111
0000000000011111111110000000000011111111110000000000011111111111000000000011111111111000000000011111111111
0000000000011111111110000000000011111111110000000000011111111111000000000011111111111000000000011111111111
0000000000000000000000000000000000000000000000000000000000000000000000000000000000000000000000000000000000
1111111110000000001111111110000000011111111100000000011111111100000000011111111100000000111111111000000000
1111111110000000001111111110000000011111111100000000011111111100000000011111111100000000111111111000000001
1111111110000000001111111110000000011111111100000000011111111100000000011111111100000000111111111000000000
1111111110000000001111111110000000011111111100000000011111111100000000011111111100000000111111111000000000
1111111110000000001111111110000000011111111100000000011111111100000000011111111100000000111111111000000001
1111111110000000001111111110000000011111111100000000011111111100000000011111111100000000111111111000000001
1111111110000000001111111110000000011111111100000000011111111100000000011111111100000000111111111000000001
1111111110000000001111111110000000011111111100000000011111111100000000011111111100000000111111111000000001
----- 080_P.pbm -----
P1
106 17
0000000000011111111110000000000011111111110000000000011111111111000000000011111111111000000000011111111111
0000000000011111111110000000000011111111110000000000011111111111000000000011111111111000000000011111111111
0000000000011111111110000000000011111111110000000000011111111111000000000011111111111000000000011111111111
0000000000011111111110000000000011111111110000000000011111111111000000000011111111111000000000011111111111
0000000000011111111110000000000011111111110000000000011111111111000000000011111111111000000000011111111111
0000000000011111111110000000000011111111110000000000011111111111000000000011111111111000000000011111111111
0000000000011111111110000000000011111111110000000000011111111111000000000011111111111000000000011111111111
0000000000011111111110000000000011111111110000000000011111111111000000000011111111111000000000011111111111
0000000000000000000000000000000000000000000000000000000000000000000000000000000000000000000000000000000000
1111111110000000001111111110000000011111111100000000011111111100000000011111111100000000111111111000000000
1111111110000000001111111110000000011111111100000000011111111100000000011111111100000000111111111000000001
1111111110000000001111111110000000011111111100000000011111111100000000011111111100000000111111111000000000
1111111110000000001111111110000000011111111100000000011111111100000000011111111100000000111111111000000001
1111111110000000001111111110000000011111111100000000011111111100000000011111111100000000111111111000000000
1111111110000000001111111110000000011111111100000000011111111100000000011111111100000000111111111000000000
1111111110000000001111111110000000011111111100000000011111111100000000011111111100000000111111111000000000
1111111110000000001111111110000000011111111100000000011111111100000000011111111100000000111111111000000000
----- 081_Q.pbm -----
P1
106 17
0000000000011111111110000000000011111111110000000000011111111111000000000011111111111000000000011111111111
0000000000011111111110000000000011111111110000000000011111111111000000000011111111111000000000011111111111
0000000000011111111110000000000011111111110000000000011111111111000000000011111111111000000000011111111111
0000000000011111111110000000000011111111110000000000011111111111000000000011111111111000000000011111111111
0000000000011111111110000000000011111111110000000000011111111111000000000011111111111000000000011111111111
0000000000011111111110000000000011111111110000000000011111111111000000000011111111111000000000011111111111
0000000000011111111110000000000011111111110000000000011111111111000000000011111111111000000000011111111111
0000000000011111111110000000000011111111110000000000011111111111000000000011111111111000000000011111111111
0000000000000000000000000000000000000000000000000000000000000000000000000000000000000000000000000000000000
1111111110000000001111111110000000011111111100000000011111111100000000011111111100000000111111111000000000
1111111110000000001111111110000000011111111100000000011111111100000000011111111100000000111111111000000001
1111111110000000001111111110000000011111111100000000011111111100000000011111111100000000111111111000000000
1111111110000000001111111110000000011111111100000000011111111100000000011111111100000000111111111000000001
1111111110000000001111111110000000011111111100000000011111111100000000011111111100000000111111111000000000
1111111110000000001111111110000000011111111100000000011111111100000000011111111100000000111111111000000000
1111111110000000001111111110000000011111111100000000011111111100000000011111111100000000111111111000000000
1111111110000000001111111110000000011111111100000000011111111100000000011111111100000000111111111000000001
----- 082_R.pbm -----
P1
106 17
0000000000011111111110000000000011111111110000000000011111111111000000000011111111111000000000011111111111
0000000000011111111110000000000011111111110000000000011111111111000000000011111111111000000000011111111111
0000000000011111111110000000000011111111110000000000011111111111000000000011111111111000000000011111111111
0000000000011111111110000000000011111111110000000000011111111111000000000011111111111000000000011111111111
0000000000011111111110000000000011111111110000000000011111111111000000000011111111111000000000011111111111
0000000000011111111110000000000011111111110000000000011111111111000000000011111111111000000000011111111111
0000000000011111111110000000000011111111110000000000011111111111000000000011111111111000000000011111111111
0000000000011111111110000000000011111111110000000000011111111111000000000011111111111000000000011111111111
0000000000000000000000000000000000000000000000000000000000000000000000000000000000000000000000000000000000
1111111110000000001111111110000000011111111100000000011111111100000000011111111100000000111111111000000000
1111111110000000001111111110000000011111111100000000011111111100000000011111111100000000111111111000000001
1111111110000000001111111110000000011111111100000000011111111100000000011111111100000000111111111000000000
1111111110000000001111111110000000011111111100000000011111111100000000011111111100000000111111111000000001
1111111110000000001111111110000000011111111100000000011111111100000000011111111100000000111111111000000000
1111111110000000001111111110000000011111111100000000011111111100000000011111111100000000111111111000000000
1111111110000000001111111110000000011111111100000000011111111100000000011111111100000000111111111000000001
1111111110000000001111111110000000011111111100000000011111111100000000011111111100000000111111111000000000
----- 083_S.pbm -----
P1
106 17
0000000000011111111110000000000011111111110000000000011111111111000000000011111111111000000000011111111111
0000000000011111111110000000000011111111110000000000011111111111000000000011111111111000000000011111111111
0000000000011111111110000000000011111111110000000000011111111111000000000011111111111000000000011111111111
0000000000011111111110000000000011111111110000000000011111111111000000000011111111111000000000011111111111
0000000000011111111110000000000011111111110000000000011111111111000000000011111111111000000000011111111111
0000000000011111111110000000000011111111110000000000011111111111000000000011111111111000000000011111111111
0000000000011111111110000000000011111111110000000000011111111111000000000011111111111000000000011111111111
0000000000011111111110000000000011111111110000000000011111111111000000000011111111111000000000011111111111
0000000000000000000000000000000000000000000000000000000000000000000000000000000000000000000000000000000000
1111111110000000001111111110000000011111111100000000011111111100000000011111111100000000111111111000000000
1111111110000000001111111110000000011111111100000000011111111100000000011111111100000000111111111000000001
1111111110000000001111111110000000011111111100000000011111111100000000011111111100000000111111111000000000
1111111110000000001111111110000000011111111100000000011111111100000000011111111100000000111111111000000001
1111111110000000001111111110000000011111111100000000011111111100000000011111111100000000111111111000000000
1111111110000000001111111110000000011111111100000000011111111100000000011111111100000000111111111000000000
1111111110000000001111111110000000011111111100000000011111111100000000011111111100000000111111111000000001
1111111110000000001111111110000000011111111100000000011111111100000000011111111100000000111111111000000001
----- 084_T.pbm -----
P1
106 17
0000000000011111111110000000000011111111110000000000011111111111000000000011111111111000000000011111111111
0000000000011111111110000000000011111111110000000000011111111111000000000011111111111000000000011111111111
0000000000011111111110000000000011111111110000000000011111111111000000000011111111111000000000011111111111
0000000000011111111110000000000011111111110000000000011111111111000000000011111111111000000000011111111111
0000000000011111111110000000000011111111110000000000011111111111000000000011111111111000000000011111111111
0000000000011111111110000000000011111111110000000000011111111111000000000011111111111000000000011111111111
0000000000011111111110000000000011111111110000000000011111111111000000000011111111111000000000011111111111
0000000000011111111110000000000011111111110000000000011111111111000000000011111111111000000000011111111111
0000000000000000000000000000000000000000000000000000000000000000000000000000000000000000000000000000000000
1111111110000000001111111110000000011111111100000000011111111100000000011111111100000000111111111000000000
1111111110000000001111111110000000011111111100000000011111111100000000011111111100000000111111111000000001
1111111110000000001111111110000000011111111100000000011111111100000000011111111100000000111111111000000000
1111111110000000001111111110000000011111111100000000011111111100000000011111111100000000111111111000000001
1111111110000000001111111110000000011111111100000000011111111100000000011111111100000000111111111000000000
1111111110000000001111111110000000011111111100000000011111111100000000011111111100000000111111111000000001
1111111110000000001111111110000000011111111100000000011111111100000000011111111100000000111111111000000000
1111111110000000001111111110000000011111111100000000011111111100000000011111111100000000111111111000000000
----- 085_U.pbm -----
P1
106 17
0000000000011111111110000000000011111111110000000000011111111111000000000011111111111000000000011111111111
0000000000011111111110000000000011111111110000000000011111111111000000000011111111111000000000011111111111
0000000000011111111110000000000011111111110000000000011111111111000000000011111111111000000000011111111111
0000000000011111111110000000000011111111110000000000011111111111000000000011111111111000000000011111111111
0000000000011111111110000000000011111111110000000000011111111111000000000011111111111000000000011111111111
0000000000011111111110000000000011111111110000000000011111111111000000000011111111111000000000011111111111
0000000000011111111110000000000011111111110000000000011111111111000000000011111111111000000000011111111111
0000000000011111111110000000000011111111110000000000011111111111000000000011111111111000000000011111111111
0000000000000000000000000000000000000000000000000000000000000000000000000000000000000000000000000000000000
1111111110000000001111111110000000011111111100000000011111111100000000011111111100000000111111111000000000
1111111110000000001111111110000000011111111100000000011111111100000000011111111100000000111111111000000001
1111111110000000001111111110000000011111111100000000011111111100000000011111111100000000111111111000000000
1111111110000000001111111110000000011111111100000000011111111100000000011111111100000000111111111000000001
1111111110000000001111111110000000011111111100000000011111111100000000011111111100000000111111111000000000
1111111110000000001111111110000000011111111100000000011111111100000000011111111100000000111111111000000001
1111111110000000001111111110000000011111111100000000011111111100000000011111111100000000111111111000000000
1111111110000000001111111110000000011111111100000000011111111100000000011111111100000000111111111000000001
----- 086_V.pbm -----
P1
106 17
0000000000011111111110000000000011111111110000000000011111111111000000000011111111111000000000011111111111
0000000000011111111110000000000011111111110000000000011111111111000000000011111111111000000000011111111111
0000000000011111111110000000000011111111110000000000011111111111000000000011111111111000000000011111111111
0000000000011111111110000000000011111111110000000000011111111111000000000011111111111000000000011111111111
0000000000011111111110000000000011111111110000000000011111111111000000000011111111111000000000011111111111
0000000000011111111110000000000011111111110000000000011111111111000000000011111111111000000000011111111111
0000000000011111111110000000000011111111110000000000011111111111000000000011111111111000000000011111111111
0000000000011111111110000000000011111111110000000000011111111111000000000011111111111000000000011111111111
0000000000000000000000000000000000000000000000000000000000000000000000000000000000000000000000000000000000
1111111110000000001111111110000000011111111100000000011111111100000000011111111100000000111111111000000000
1111111110000000001111111110000000011111111100000000011111111100000000011111111100000000111111111000000001
1111111110000000001111111110000000011111111100000000011111111100000000011111111100000000111111111000000000
1111111110000000001111111110000000011111111100000000011111111100000000011111111100000000111111111000000001
1111111110000000001111111110000000011111111100000000011111111100000000011111111100000000111111111000000000
1111111110000000001111111110000000011111111100000000011111111100000000011111111100000000111111111000000001
1111111110000000001111111110000000011111111100000000011111111100000000011111111100000000111111111000000001
1111111110000000001111111110000000011111111100000000011111111100000000011111111100000000111111111000000000
----- 087_W.pbm -----
P1
106 17
0000000000011111111110000000000011111111110000000000011111111111000000000011111111111000000000011111111111
0000000000011111111110000000000011111111110000000000011111111111000000000011111111111000000000011111111111
0000000000011111111110000000000011111111110000000000011111111111000000000011111111111000000000011111111111
0000000000011111111110000000000011111111110000000000011111111111000000000011111111111000000000011111111111
0000000000011111111110000000000011111111110000000000011111111111000000000011111111111000000000011111111111
0000000000011111111110000000000011111111110000000000011111111111000000000011111111111000000000011111111111
0000000000011111111110000000000011111111110000000000011111111111000000000011111111111000000000011111111111
0000000000011111111110000000000011111111110000000000011111111111000000000011111111111000000000011111111111
0000000000000000000000000000000000000000000000000000000000000000000000000000000000000000000000000000000000
1111111110000000001111111110000000011111111100000000011111111100000000011111111100000000111111111000000000
1111111110000000001111111110000000011111111100000000011111111100000000011111111100000000111111111000000001
1111111110000000001111111110000000011111111100000000011111111100000000011111111100000000111111111000000000
1111111110000000001111111110000000011111111100000000011111111100000000011111111100000000111111111000000001
1111111110000000001111111110000000011111111100000000011111111100000000011111111100000000111111111000000000
1111111110000000001111111110000000011111111100000000011111111100000000011111111100000000111111111000000001
1111111110000000001111111110000000011111111100000000011111111100000000011111111100000000111111111000000001
1111111110000000001111111110000000011111111100000000011111111100000000011111111100000000111111111000000001
----- 088_X.pbm -----
P1
106 17
0000000000011111111110000000000011111111110000000000011111111111000000000011111111111000000000011111111111
0000000000011111111110000000000011111111110000000000011111111111000000000011111111111000000000011111111111
0000000000011111111110000000000011111111110000000000011111111111000000000011111111111000000000011111111111
0000000000011111111110000000000011111111110000000000011111111111000000000011111111111000000000011111111111
0000000000011111111110000000000011111111110000000000011111111111000000000011111111111000000000011111111111
0000000000011111111110000000000011111111110000000000011111111111000000000011111111111000000000011111111111
0000000000011111111110000000000011111111110000000000011111111111000000000011111111111000000000011111111111
0000000000011111111110000000000011111111110000000000011111111111000000000011111111111000000000011111111111
0000000000000000000000000000000000000000000000000000000000000000000000000000000000000000000000000000000000
1111111110000000001111111110000000011111111100000000011111111100000000011111111100000000111111111000000000
1111111110000000001111111110000000011111111100000000011111111100000000011111111100000000111111111000000001
1111111110000000001111111110000000011111111100000000011111111100000000011111111100000000111111111000000000
1111111110000000001111111110000000011111111100000000011111111100000000011111111100000000111111111000000001
1111111110000000001111111110000000011111111100000000011111111100000000011111111100000000111111111000000001
1111111110000000001111111110000000011111111100000000011111111100000000011111111100000000111111111000000000
1111111110000000001111111110000000011111111100000000011111111100000000011111111100000000111111111000000000
1111111110000000001111111110000000011111111100000000011111111100000000011111111100000000111111111000000000
----- 089_Y.pbm -----
P1
106 17
0000000000011111111110000000000011111111110000000000011111111111000000000011111111111000000000011111111111
0000000000011111111110000000000011111111110000000000011111111111000000000011111111111000000000011111111111
0000000000011111111110000000000011111111110000000000011111111111000000000011111111111000000000011111111111
0000000000011111111110000000000011111111110000000000011111111111000000000011111111111000000000011111111111
0000000000011111111110000000000011111111110000000000011111111111000000000011111111111000000000011111111111
0000000000011111111110000000000011111111110000000000011111111111000000000011111111111000000000011111111111
0000000000011111111110000000000011111111110000000000011111111111000000000011111111111000000000011111111111
0000000000011111111110000000000011111111110000000000011111111111000000000011111111111000000000011111111111
0000000000000000000000000000000000000000000000000000000000000000000000000000000000000000000000000000000000
1111111110000000001111111110000000011111111100000000011111111100000000011111111100000000111111111000000000
1111111110000000001111111110000000011111111100000000011111111100000000011111111100000000111111111000000001
1111111110000000001111111110000000011111111100000000011111111100000000011111111100000000111111111000000000
1111111110000000001111111110000000011111111100000000011111111100000000011111111100000000111111111000000001
1111111110000000001111111110000000011111111100000000011111111100000000011111111100000000111111111000000001
1111111110000000001111111110000000011111111100000000011111111100000000011111111100000000111111111000000000
1111111110000000001111111110000000011111111100000000011111111100000000011111111100000000111111111000000000
1111111110000000001111111110000000011111111100000000011111111100000000011111111100000000111111111000000001
----- 090_Z.pbm -----
P1
106 17
0000000000011111111110000000000011111111110000000000011111111111000000000011111111111000000000011111111111
0000000000011111111110000000000011111111110000000000011111111111000000000011111111111000000000011111111111
0000000000011111111110000000000011111111110000000000011111111111000000000011111111111000000000011111111111
0000000000011111111110000000000011111111110000000000011111111111000000000011111111111000000000011111111111
0000000000011111111110000000000011111111110000000000011111111111000000000011111111111000000000011111111111
0000000000011111111110000000000011111111110000000000011111111111000000000011111111111000000000011111111111
0000000000011111111110000000000011111111110000000000011111111111000000000011111111111000000000011111111111
0000000000011111111110000000000011111111110000000000011111111111000000000011111111111000000000011111111111
0000000000000000000000000000000000000000000000000000000000000000000000000000000000000000000000000000000000
1111111110000000001111111110000000011111111100000000011111111100000000011111111100000000111111111000000000
1111111110000000001111111110000000011111111100000000011111111100000000011111111100000000111111111000000001
1111111110000000001111111110000000011111111100000000011111111100000000011111111100000000111111111000000000
1111111110000000001111111110000000011111111100000000011111111100000000011111111100000000111111111000000001
1111111110000000001111111110000000011111111100000000011111111100000000011111111100000000111111111000000001
1111111110000000001111111110000000011111111100000000011111111100000000011111111100000000111111111000000000
1111111110000000001111111110000000011111111100000000011111111100000000011111111100000000111111111000000001
1111111110000000001111111110000000011111111100000000011111111100000000011111111100000000111111111000000000
----- 091.pbm -----
P1
106 17
0000000000011111111110000000000011111111110000000000011111111111000000000011111111111000000000011111111111
0000000000011111111110000000000011111111110000000000011111111111000000000011111111111000000000011111111111
0000000000011111111110000000000011111111110000000000011111111111000000000011111111111000000000011111111111
0000000000011111111110000000000011111111110000000000011111111111000000000011111111111000000000011111111111
0000000000011111111110000000000011111111110000000000011111111111000000000011111111111000000000011111111111
0000000000011111111110000000000011111111110000000000011111111111000000000011111111111000000000011111111111
0000000000011111111110000000000011111111110000000000011111111111000000000011111111111000000000011111111111
0000000000011111111110000000000011111111110000000000011111111111000000000011111111111000000000011111111111
0000000000000000000000000000000000000000000000000000000000000000000000000000000000000000000000000000000000
1111111110000000001111111110000000011111111100000000011111111100000000011111111100000000111111111000000000
1111111110000000001111111110000000011111111100000000011111111100000000011111111100000000111111111000000001
1111111110000000001111111110000000011111111100000000011111111100000000011111111100000000111111111000000000
1111111110000000001111111110000000011111111100000000011111111100000000011111111100000000111111111000000001
1111111110000000001111111110000000011111111100000000011111111100000000011111111100000000111111111000000001
1111111110000000001111111110000000011111111100000000011111111100000000011111111100000000111111111000000000
1111111110000000001111111110000000011111111100000000011111111100000000011111111100000000111111111000000001
1111111110000000001111111110000000011111111100000000011111111100000000011111111100000000111111111000000001
----- 092.pbm -----
P1
106 17
0000000000011111111110000000000011111111110000000000011111111111000000000011111111111000000000011111111111
0000000000011111111110000000000011111111110000000000011111111111000000000011111111111000000000011111111111
0000000000011111111110000000000011111111110000000000011111111111000000000011111111111000000000011111111111
0000000000011111111110000000000011111111110000000000011111111111000000000011111111111000000000011111111111
0000000000011111111110000000000011111111110000000000011111111111000000000011111111111000000000011111111111
0000000000011111111110000000000011111111110000000000011111111111000000000011111111111000000000011111111111
0000000000011111111110000000000011111111110000000000011111111111000000000011111111111000000000011111111111
0000000000011111111110000000000011111111110000000000011111111111000000000011111111111000000000011111111111
0000000000000000000000000000000000000000000000000000000000000000000000000000000000000000000000000000000000
1111111110000000001111111110000000011111111100000000011111111100000000011111111100000000111111111000000000
1111111110000000001111111110000000011111111100000000011111111100000000011111111100000000111111111000000001
1111111110000000001111111110000000011111111100000000011111111100000000011111111100000000111111111000000000
1111111110000000001111111110000000011111111100000000011111111100000000011111111100000000111111111000000001
1111111110000000001111111110000000011111111100000000011111111100000000011111111100000000111111111000000001
1111111110000000001111111110000000011111111100000000011111111100000000011111111100000000111111111000000001
1111111110000000001111111110000000011111111100000000011111111100000000011111111100000000111111111000000000
1111111110000000001111111110000000011111111100000000011111111100000000011111111100000000111111111000000000
----- 093.pbm -----
P1
106 17
0000000000011111111110000000000011111111110000000000011111111111000000000011111111111000000000011111111111
0000000000011111111110000000000011111111110000000000011111111111000000000011111111111000000000011111111111
0000000000011111111110000000000011111111110000000000011111111111000000000011111111111000000000011111111111
0000000000011111111110000000000011111111110000000000011111111111000000000011111111111000000000011111111111
0000000000011111111110000000000011111111110000000000011111111111000000000011111111111000000000011111111111
0000000000011111111110000000000011111111110000000000011111111111000000000011111111111000000000011111111111
0000000000011111111110000000000011111111110000000000011111111111000000000011111111111000000000011111111111
0000000000011111111110000000000011111111110000000000011111111111000000000011111111111000000000011111111111
0000000000000000000000000000000000000000000000000000000000000000000000000000000000000000000000000000000000
1111111110000000001111111110000000011111111100000000011111111100000000011111111100000000111111111000000000
1111111110000000001111111110000000011111111100000000011111111100000000011111111100000000111111111000000001
1111111110000000001111111110000000011111111100000000011111111100000000011111111100000000111111111000000000
1111111110000000001111111110000000011111111100000000011111111100000000011111111100000000111111111000000001
1111111110000000001111111110000000011111111100000000011111111100000000011111111100000000111111111000000001
1111111110000000001111111110000000011111111100000000011111111100000000011111111100000000111111111000000001
1111111110000000001111111110000000011111111100000000011111111100000000011111111100000000111111111000000000
1111111110000000001111111110000000011111111100000000011111111100000000011111111100000000111111111000000001
----- 094.pbm -----
P1
106 17
0000000000011111111110000000000011111111110000000000011111111111000000000011111111111000000000011111111111
0000000000011111111110000000000011111111110000000000011111111111000000000011111111111000000000011111111111
0000000000011111111110000000000011111111110000000000011111111111000000000011111111111000000000011111111111
0000000000011111111110000000000011111111110000000000011111111111000000000011111111111000000000011111111111
0000000000011111111110000000000011111111110000000000011111111111000000000011111111111000000000011111111111
0000000000011111111110000000000011111111110000000000011111111111000000000011111111111000000000011111111111
0000000000011111111110000000000011111111110000000000011111111111000000000011111111111000000000011111111111
0000000000011111111110000000000011111111110000000000011111111111000000000011111111111000000000011111111111
0000000000000000000000000000000000000000000000000000000000000000000000000000000000000000000000000000000000
1111111110000000001111111110000000011111111100000000011111111100000000011111111100000000111111111000000000
1111111110000000001111111110000000011111111100000000011111111100000000011111111100000000111111111000000001
1111111110000000001111111110000000011111111100000000011111111100000000011111111100000000111111111000000000
1111111110000000001111111110000000011111111100000000011111111100000000011111111100000000111111111000000001
1111111110000000001111111110000000011111111100000000011111111100000000011111111100000000111111111000000001
1111111110000000001111111110000000011111111100000000011111111100000000011111111100000000111111111000000001
1111111110000000001111111110000000011111111100000000011111111100000000011111111100000000111111111000000001
1111111110000000001111111110000000011111111100000000011111111100000000011111111100000000111111111000000000
----- 095.pbm -----
P1
106 17
0000000000011111111110000000000011111111110000000000011111111111000000000011111111111000000000011111111111
0000000000011111111110000000000011111111110000000000011111111111000000000011111111111000000000011111111111
0000000000011111111110000000000011111111110000000000011111111111000000000011111111111000000000011111111111
0000000000011111111110000000000011111111110000000000011111111111000000000011111111111000000000011111111111
0000000000011111111110000000000011111111110000000000011111111111000000000011111111111000000000011111111111
0000000000011111111110000000000011111111110000000000011111111111000000000011111111111000000000011111111111
0000000000011111111110000000000011111111110000000000011111111111000000000011111111111000000000011111111111
0000000000011111111110000000000011111111110000000000011111111111000000000011111111111000000000011111111111
0000000000000000000000000000000000000000000000000000000000000000000000000000000000000000000000000000000000
1111111110000000001111111110000000011111111100000000011111111100000000011111111100000000111111111000000000
1111111110000000001111111110000000011111111100000000011111111100000000011111111100000000111111111000000001
1111111110000000001111111110000000011111111100000000011111111100000000011111111100000000111111111000000000
1111111110000000001111111110000000011111111100000000011111111100000000011111111100000000111111111000000001
1111111110000000001111111110000000011111111100000000011111111100000000011111111100000000111111111000000001
1111111110000000001111111110000000011111111100000000011111111100000000011111111100000000111111111000000001
1111111110000000001111111110000000011111111100000000011111111100000000011111111100000000111111111000000001
1111111110000000001111111110000000011111111100000000011111111100000000011111111100000000111111111000000001
----- 096.pbm -----
P1
106 17
0000000000011111111110000000000011111111110000000000011111111111000000000011111111111000000000011111111111
0000000000011111111110000000000011111111110000000000011111111111000000000011111111111000000000011111111111
0000000000011111111110000000000011111111110000000000011111111111000000000011111111111000000000011111111111
0000000000011111111110000000000011111111110000000000011111111111000000000011111111111000000000011111111111
0000000000011111111110000000000011111111110000000000011111111111000000000011111111111000000000011111111111
0000000000011111111110000000000011111111110000000000011111111111000000000011111111111000000000011111111111
0000000000011111111110000000000011111111110000000000011111111111000000000011111111111000000000011111111111
0000000000011111111110000000000011111111110000000000011111111111000000000011111111111000000000011111111111
0000000000000000000000000000000000000000000000000000000000000000000000000000000000000000000000000000000000
1111111110000000001111111110000000011111111100000000011111111100000000011111111100000000111111111000000000
1111111110000000001111111110000000011111111100000000011111111100000000011111111100000000111111111000000001
1111111110000000001111111110000000011111111100000000011111111100000000011111111100000000111111111000000001
1111111110000000001111111110000000011111111100000000011111111100000000011111111100000000111111111000000000
1111111110000000001111111110000000011111111100000000011111111100000000011111111100000000111111111000000000
1111111110000000001111111110000000011111111100000000011111111100000000011111111100000000111111111000000000
1111111110000000001111111110000000011111111100000000011111111100000000011111111100000000111111111000000000
1111111110000000001111111110000000011111111100000000011111111100000000011111111100000000111111111000000000
----- 097_a.pbm -----
P1
106 17
0000000000011111111110000000000011111111110000000000011111111111000000000011111111111000000000011111111111
0000000000011111111110000000000011111111110000000000011111111111000000000011111111111000000000011111111111
0000000000011111111110000000000011111111110000000000011111111111000000000011111111111000000000011111111111
0000000000011111111110000000000011111111110000000000011111111111000000000011111111111000000000011111111111
0000000000011111111110000000000011111111110000000000011111111111000000000011111111111000000000011111111111
0000000000011111111110000000000011111111110000000000011111111111000000000011111111111000000000011111111111
0000000000011111111110000000000011111111110000000000011111111111000000000011111111111000000000011111111111
0000000000011111111110000000000011111111110000000000011111111111000000000011111111111000000000011111111111
0000000000000000000000000000000000000000000000000000000000000000000000000000000000000000000000000000000000
1111111110000000001111111110000000011111111100000000011111111100000000011111111100000000111111111000000000
1111111110000000001111111110000000011111111100000000011111111100000000011111111100000000111111111000000001
1111111110000000001111111110000000011111111100000000011111111100000000011111111100000000111111111000000001
1111111110000000001111111110000000011111111100000000011111111100000000011111111100000000111111111000000000
1111111110000000001111111110000000011111111100000000011111111100000000011111111100000000111111111000000000
1111111110000000001111111110000000011111111100000000011111111100000000011111111100000000111111111000000000
1111111110000000001111111110000000011111111100000000011111111100000000011111111100000000111111111000000000
1111111110000000001111111110000000011111111100000000011111111100000000011111111100000000111111111000000001
----- 098_b.pbm -----
P1
106 17
0000000000011111111110000000000011111111110000000000011111111111000000000011111111111000000000011111111111
0000000000011111111110000000000011111111110000000000011111111111000000000011111111111000000000011111111111
0000000000011111111110000000000011111111110000000000011111111111000000000011111111111000000000011111111111
0000000000011111111110000000000011111111110000000000011111111111000000000011111111111000000000011111111111
0000000000011111111110000000000011111111110000000000011111111111000000000011111111111000000000011111111111
0000000000011111111110000000000011111111110000000000011111111111000000000011111111111000000000011111111111
0000000000011111111110000000000011111111110000000000011111111111000000000011111111111000000000011111111111
0000000000011111111110000000000011111111110000000000011111111111000000000011111111111000000000011111111111
0000000000000000000000000000000000000000000000000000000000000000000000000000000000000000000000000000000000
1111111110000000001111111110000000011111111100000000011111111100000000011111111100000000111111111000000000
1111111110000000001111111110000000011111111100000000011111111100000000011111111100000000111111111000000001
1111111110000000001111111110000000011111111100000000011111111100000000011111111100000000111111111000000001
1111111110000000001111111110000000011111111100000000011111111100000000011111111100000000111111111000000000
1111111110000000001111111110000000011111111100000000011111111100000000011111111100000000111111111000000000
1111111110000000001111111110000000011111111100000000011111111100000000011111111100000000111111111000000000
1111111110000000001111111110000000011111111100000000011111111100000000011111111100000000111111111000000001
1111111110000000001111111110000000011111111100000000011111111100000000011111111100000000111111111000000000
----- 099_c.pbm -----
P1
106 17
0000000000011111111110000000000011111111110000000000011111111111000000000011111111111000000000011111111111
0000000000011111111110000000000011111111110000000000011111111111000000000011111111111000000000011111111111
0000000000011111111110000000000011111111110000000000011111111111000000000011111111111000000000011111111111
0000000000011111111110000000000011111111110000000000011111111111000000000011111111111000000000011111111111
0000000000011111111110000000000011111111110000000000011111111111000000000011111111111000000000011111111111
0000000000011111111110000000000011111111110000000000011111111111000000000011111111111000000000011111111111
0000000000011111111110000000000011111111110000000000011111111111000000000011111111111000000000011111111111
0000000000011111111110000000000011111111110000000000011111111111000000000011111111111000000000011111111111
0000000000000000000000000000000000000000000000000000000000000000000000000000000000000000000000000000000000
1111111110000000001111111110000000011111111100000000011111111100000000011111111100000000111111111000000000
1111111110000000001111111110000000011111111100000000011111111100000000011111111100000000111111111000000001
1111111110000000001111111110000000011111111100000000011111111100000000011111111100000000111111111000000001
1111111110000000001111111110000000011111111100000000011111111100000000011111111100000000111111111000000000
1111111110000000001111111110000000011111111100000000011111111100000000011111111100000000111111111000000000
1111111110000000001111111110000000011111111100000000011111111100000000011111111100000000111111111000000000
1111111110000000001111111110000000011111111100000000011111111100000000011111111100000000111111111000000001
1111111110000000001111111110000000011111111100000000011111111100000000011111111100000000111111111000000001
----- 100_d.pbm -----
P1
106 17
0000000000011111111110000000000011111111110000000000011111111111000000000011111111111000000000011111111111
0000000000011111111110000000000011111111110000000000011111111111000000000011111111111000000000011111111111
0000000000011111111110000000000011111111110000000000011111111111000000000011111111111000000000011111111111
0000000000011111111110000000000011111111110000000000011111111111000000000011111111111000000000011111111111
0000000000011111111110000000000011111111110000000000011111111111000000000011111111111000000000011111111111
0000000000011111111110000000000011111111110000000000011111111111000000000011111111111000000000011111111111
0000000000011111111110000000000011111111110000000000011111111111000000000011111111111000000000011111111111
0000000000011111111110000000000011111111110000000000011111111111000000000011111111111000000000011111111111
0000000000000000000000000000000000000000000000000000000000000000000000000000000000000000000000000000000000
1111111110000000001111111110000000011111111100000000011111111100000000011111111100000000111111111000000000
1111111110000000001111111110000000011111111100000000011111111100000000011111111100000000111111111000000001
1111111110000000001111111110000000011111111100000000011111111100000000011111111100000000111111111000000001
1111111110000000001111111110000000011111111100000000011111111100000000011111111100000000111111111000000000
1111111110000000001111111110000000011111111100000000011111111100000000011111111100000000111111111000000000
1111111110000000001111111110000000011111111100000000011111111100000000011111111100000000111111111000000001
1111111110000000001111111110000000011111111100000000011111111100000000011111111100000000111111111000000000
1111111110000000001111111110000000011111111100000000011111111100000000011111111100000000111111111000000000
----- 101_e.pbm -----
P1
106 17
0000000000011111111110000000000011111111110000000000011111111111000000000011111111111000000000011111111111
0000000000011111111110000000000011111111110000000000011111111111000000000011111111111000000000011111111111
0000000000011111111110000000000011111111110000000000011111111111000000000011111111111000000000011111111111
0000000000011111111110000000000011111111110000000000011111111111000000000011111111111000000000011111111111
0000000000011111111110000000000011111111110000000000011111111111000000000011111111111000000000011111111111
0000000000011111111110000000000011111111110000000000011111111111000000000011111111111000000000011111111111
0000000000011111111110000000000011111111110000000000011111111111000000000011111111111000000000011111111111
0000000000011111111110000000000011111111110000000000011111111111000000000011111111111000000000011111111111
0000000000000000000000000000000000000000000000000000000000000000000000000000000000000000000000000000000000
1111111110000000001111111110000000011111111100000000011111111100000000011111111100000000111111111000000000
1111111110000000001111111110000000011111111100000000011111111100000000011111111100000000111111111000000001
1111111110000000001111111110000000011111111100000000011111111100000000011111111100000000111111111000000001
1111111110000000001111111110000000011111111100000000011111111100000000011111111100000000111111111000000000
1111111110000000001111111110000000011111111100000000011111111100000000011111111100000000111111111000000000
1111111110000000001111111110000000011111111100000000011111111100000000011111111100000000111111111000000001
1111111110000000001111111110000000011111111100000000011111111100000000011111111100000000111111111000000000
1111111110000000001111111110000000011111111100000000011111111100000000011111111100000000111111111000000001
----- 102_f.pbm -----
P1
106 17
0000000000011111111110000000000011111111110000000000011111111111000000000011111111111000000000011111111111
0000000000011111111110000000000011111111110000000000011111111111000000000011111111111000000000011111111111
0000000000011111111110000000000011111111110000000000011111111111000000000011111111111000000000011111111111
0000000000011111111110000000000011111111110000000000011111111111000000000011111111111000000000011111111111
0000000000011111111110000000000011111111110000000000011111111111000000000011111111111000000000011111111111
0000000000011111111110000000000011111111110000000000011111111111000000000011111111111000000000011111111111
0000000000011111111110000000000011111111110000000000011111111111000000000011111111111000000000011111111111
0000000000011111111110000000000011111111110000000000011111111111000000000011111111111000000000011111111111
0000000000000000000000000000000000000000000000000000000000000000000000000000000000000000000000000000000000
1111111110000000001111111110000000011111111100000000011111111100000000011111111100000000111111111000000000
1111111110000000001111111110000000011111111100000000011111111100000000011111111100000000111111111000000001
1111111110000000001111111110000000011111111100000000011111111100000000011111111100000000111111111000000001
1111111110000000001111111110000000011111111100000000011111111100000000011111111100000000111111111000000000
1111111110000000001111111110000000011111111100000000011111111100000000011111111100000000111111111000000000
1111111110000000001111111110000000011111111100000000011111111100000000011111111100000000111111111000000001
1111111110000000001111111110000000011111111100000000011111111100000000011111111100000000111111111000000001
1111111110000000001111111110000000011111111100000000011111111100000000011111111100000000111111111000000000
----- 103_g.pbm -----
P1
106 17
0000000000011111111110000000000011111111110000000000011111111111000000000011111111111000000000011111111111
0000000000011111111110000000000011111111110000000000011111111111000000000011111111111000000000011111111111
0000000000011111111110000000000011111111110000000000011111111111000000000011111111111000000000011111111111
0000000000011111111110000000000011111111110000000000011111111111000000000011111111111000000000011111111111
0000000000011111111110000000000011111111110000000000011111111111000000000011111111111000000000011111111111
0000000000011111111110000000000011111111110000000000011111111111000000000011111111111000000000011111111111
0000000000011111111110000000000011111111110000000000011111111111000000000011111111111000000000011111111111
0000000000011111111110000000000011111111110000000000011111111111000000000011111111111000000000011111111111
0000000000000000000000000000000000000000000000000000000000000000000000000000000000000000000000000000000000
1111111110000000001111111110000000011111111100000000011111111100000000011111111100000000111111111000000000
1111111110000000001111111110000000011111111100000000011111111100000000011111111100000000111111111000000001
1111111110000000001111111110000000011111111100000000011111111100000000011111111100000000111111111000000001
1111111110000000001111111110000000011111111100000000011111111100000000011111111100000000111111111000000000
1111111110000000001111111110000000011111111100000000011111111100000000011111111100000000111111111000000000
1111111110000000001111111110000000011111111100000000011111111100000000011111111100000000111111111000000001
1111111110000000001111111110000000011111111100000000011111111100000000011111111100000000111111111000000001
1111111110000000001111111110000000011111111100000000011111111100000000011111111100000000111111111000000001
----- 104_h.pbm -----
P1
106 17
0000000000011111111110000000000011111111110000000000011111111111000000000011111111111000000000011111111111
0000000000011111111110000000000011111111110000000000011111111111000000000011111111111000000000011111111111
0000000000011111111110000000000011111111110000000000011111111111000000000011111111111000000000011111111111
0000000000011111111110000000000011111111110000000000011111111111000000000011111111111000000000011111111111
0000000000011111111110000000000011111111110000000000011111111111000000000011111111111000000000011111111111
0000000000011111111110000000000011111111110000000000011111111111000000000011111111111000000000011111111111
0000000000011111111110000000000011111111110000000000011111111111000000000011111111111000000000011111111111
0000000000011111111110000000000011111111110000000000011111111111000000000011111111111000000000011111111111
0000000000000000000000000000000000000000000000000000000000000000000000000000000000000000000000000000000000
1111111110000000001111111110000000011111111100000000011111111100000000011111111100000000111111111000000000
1111111110000000001111111110000000011111111100000000011111111100000000011111111100000000111111111000000001
1111111110000000001111111110000000011111111100000000011111111100000000011111111100000000111111111000000001
1111111110000000001111111110000000011111111100000000011111111100000000011111111100000000111111111000000000
1111111110000000001111111110000000011111111100000000011111111100000000011111111100000000111111111000000001
1111111110000000001111111110000000011111111100000000011111111100000000011111111100000000111111111000000000
1111111110000000001111111110000000011111111100000000011111111100000000011111111100000000111111111000000000
1111111110000000001111111110000000011111111100000000011111111100000000011111111100000000111111111000000000
----- 105_i.pbm -----
P1
106 17
0000000000011111111110000000000011111111110000000000011111111111000000000011111111111000000000011111111111
0000000000011111111110000000000011111111110000000000011111111111000000000011111111111000000000011111111111
0000000000011111111110000000000011111111110000000000011111111111000000000011111111111000000000011111111111
0000000000011111111110000000000011111111110000000000011111111111000000000011111111111000000000011111111111
0000000000011111111110000000000011111111110000000000011111111111000000000011111111111000000000011111111111
0000000000011111111110000000000011111111110000000000011111111111000000000011111111111000000000011111111111
0000000000011111111110000000000011111111110000000000011111111111000000000011111111111000000000011111111111
0000000000011111111110000000000011111111110000000000011111111111000000000011111111111000000000011111111111
0000000000000000000000000000000000000000000000000000000000000000000000000000000000000000000000000000000000
1111111110000000001111111110000000011111111100000000011111111100000000011111111100000000111111111000000000
1111111110000000001111111110000000011111111100000000011111111100000000011111111100000000111111111000000001
1111111110000000001111111110000000011111111100000000011111111100000000011111111100000000111111111000000001
1111111110000000001111111110000000011111111100000000011111111100000000011111111100000000111111111000000000
1111111110000000001111111110000000011111111100000000011111111100000000011111111100000000111111111000000001
1111111110000000001111111110000000011111111100000000011111111100000000011111111100000000111111111000000000
1111111110000000001111111110000000011111111100000000011111111100000000011111111100000000111111111000000000
1111111110000000001111111110000000011111111100000000011111111100000000011111111100000000111111111000000001
----- 106_j.pbm -----
P1
106 17
0000000000011111111110000000000011111111110000000000011111111111000000000011111111111000000000011111111111
0000000000011111111110000000000011111111110000000000011111111111000000000011111111111000000000011111111111
0000000000011111111110000000000011111111110000000000011111111111000000000011111111111000000000011111111111
0000000000011111111110000000000011111111110000000000011111111111000000000011111111111000000000011111111111
0000000000011111111110000000000011111111110000000000011111111111000000000011111111111000000000011111111111
0000000000011111111110000000000011111111110000000000011111111111000000000011111111111000000000011111111111
0000000000011111111110000000000011111111110000000000011111111111000000000011111111111000000000011111111111
0000000000011111111110000000000011111111110000000000011111111111000000000011111111111000000000011111111111
0000000000000000000000000000000000000000000000000000000000000000000000000000000000000000000000000000000000
1111111110000000001111111110000000011111111100000000011111111100000000011111111100000000111111111000000000
1111111110000000001111111110000000011111111100000000011111111100000000011111111100000000111111111000000001
1111111110000000001111111110000000011111111100000000011111111100000000011111111100000000111111111000000001
1111111110000000001111111110000000011111111100000000011111111100000000011111111100000000111111111000000000
1111111110000000001111111110000000011111111100000000011111111100000000011111111100000000111111111000000001
1111111110000000001111111110000000011111111100000000011111111100000000011111111100000000111111111000000000
1111111110000000001111111110000000011111111100000000011111111100000000011111111100000000111111111000000001
1111111110000000001111111110000000011111111100000000011111111100000000011111111100000000111111111000000000
----- 107_k.pbm -----
P1
106 17
0000000000011111111110000000000011111111110000000000011111111111000000000011111111111000000000011111111111
0000000000011111111110000000000011111111110000000000011111111111000000000011111111111000000000011111111111
0000000000011111111110000000000011111111110000000000011111111111000000000011111111111000000000011111111111
0000000000011111111110000000000011111111110000000000011111111111000000000011111111111000000000011111111111
0000000000011111111110000000000011111111110000000000011111111111000000000011111111111000000000011111111111
0000000000011111111110000000000011111111110000000000011111111111000000000011111111111000000000011111111111
0000000000011111111110000000000011111111110000000000011111111111000000000011111111111000000000011111111111
0000000000011111111110000000000011111111110000000000011111111111000000000011111111111000000000011111111111
0000000000000000000000000000000000000000000000000000000000000000000000000000000000000000000000000000000000
1111111110000000001111111110000000011111111100000000011111111100000000011111111100000000111111111000000000
1111111110000000001111111110000000011111111100000000011111111100000000011111111100000000111111111000000001
1111111110000000001111111110000000011111111100000000011111111100000000011111111100000000111111111000000001
1111111110000000001111111110000000011111111100000000011111111100000000011111111100000000111111111000000000
1111111110000000001111111110000000011111111100000000011111111100000000011111111100000000111111111000000001
1111111110000000001111111110000000011111111100000000011111111100000000011111111100000000111111111000000000
1111111110000000001111111110000000011111111100000000011111111100000000011111111100000000111111111000000001
1111111110000000001111111110000000011111111100000000011111111100000000011111111100000000111111111000000001
----- 108_l.pbm -----
P1
106 17
0000000000011111111110000000000011111111110000000000011111111111000000000011111111111000000000011111111111
0000000000011111111110000000000011111111110000000000011111111111000000000011111111111000000000011111111111
0000000000011111111110000000000011111111110000000000011111111111000000000011111111111000000000011111111111
0000000000011111111110000000000011111111110000000000011111111111000000000011111111111000000000011111111111
0000000000011111111110000000000011111111110000000000011111111111000000000011111111111000000000011111111111
0000000000011111111110000000000011111111110000000000011111111111000000000011111111111000000000011111111111
0000000000011111111110000000000011111111110000000000011111111111000000000011111111111000000000011111111111
0000000000011111111110000000000011111111110000000000011111111111000000000011111111111000000000011111111111
0000000000000000000000000000000000000000000000000000000000000000000000000000000000000000000000000000000000
1111111110000000001111111110000000011111111100000000011111111100000000011111111100000000111111111000000000
1111111110000000001111111110000000011111111100000000011111111100000000011111111100000000111111111000000001
1111111110000000001111111110000000011111111100000000011111111100000000011111111100000000111111111000000001
1111111110000000001111111110000000011111111100000000011111111100000000011111111100000000111111111000000000
1111111110000000001111111110000000011111111100000000011111111100000000011111111100000000111111111000000001
1111111110000000001111111110000000011111111100000000011111111100000000011111111100000000111111111000000001
1111111110000000001111111110000000011111111100000000011111111100000000011111111100000000111111111000000000
1111111110000000001111111110000000011111111100000000011111111100000000011111111100000000111111111000000000
----- 109_m.pbm -----
P1
106 17
0000000000011111111110000000000011111111110000000000011111111111000000000011111111111000000000011111111111
0000000000011111111110000000000011111111110000000000011111111111000000000011111111111000000000011111111111
0000000000011111111110000000000011111111110000000000011111111111000000000011111111111000000000011111111111
0000000000011111111110000000000011111111110000000000011111111111000000000011111111111000000000011111111111
0000000000011111111110000000000011111111110000000000011111111111000000000011111111111000000000011111111111
0000000000011111111110000000000011111111110000000000011111111111000000000011111111111000000000011111111111
0000000000011111111110000000000011111111110000000000011111111111000000000011111111111000000000011111111111
0000000000011111111110000000000011111111110000000000011111111111000000000011111111111000000000011111111111
0000000000000000000000000000000000000000000000000000000000000000000000000000000000000000000000000000000000
1111111110000000001111111110000000011111111100000000011111111100000000011111111100000000111111111000000000
1111111110000000001111111110000000011111111100000000011111111100000000011111111100000000111111111000000001
1111111110000000001111111110000000011111111100000000011111111100000000011111111100000000111111111000000001
1111111110000000001111111110000000011111111100000000011111111100000000011111111100000000111111111000000000
1111111110000000001111111110000000011111111100000000011111111100000000011111111100000000111111111000000001
1111111110000000001111111110000000011111111100000000011111111100000000011111111100000000111111111000000001
1111111110000000001111111110000000011111111100000000011111111100000000011111111100000000111111111000000000
1111111110000000001111111110000000011111111100000000011111111100000000011111111100000000111111111000000001
----- 110_n.pbm -----
P1
106 17
0000000000011111111110000000000011111111110000000000011111111111000000000011111111111000000000011111111111
0000000000011111111110000000000011111111110000000000011111111111000000000011111111111000000000011111111111
0000000000011111111110000000000011111111110000000000011111111111000000000011111111111000000000011111111111
0000000000011111111110000000000011111111110000000000011111111111000000000011111111111000000000011111111111
0000000000011111111110000000000011111111110000000000011111111111000000000011111111111000000000011111111111
0000000000011111111110000000000011111111110000000000011111111111000000000011111111111000000000011111111111
0000000000011111111110000000000011111111110000000000011111111111000000000011111111111000000000011111111111
0000000000011111111110000000000011111111110000000000011111111111000000000011111111111000000000011111111111
0000000000000000000000000000000000000000000000000000000000000000000000000000000000000000000000000000000000
1111111110000000001111111110000000011111111100000000011111111100000000011111111100000000111111111000000000
1111111110000000001111111110000000011111111100000000011111111100000000011111111100000000111111111000000001
1111111110000000001111111110000000011111111100000000011111111100000000011111111100000000111111111000000001
1111111110000000001111111110000000011111111100000000011111111100000000011111111100000000111111111000000000
1111111110000000001111111110000000011111111100000000011111111100000000011111111100000000111111111000000001
1111111110000000001111111110000000011111111100000000011111111100000000011111111100000000111111111000000001
1111111110000000001111111110000000011111111100000000011111111100000000011111111100000000111111111000000001
1111111110000000001111111110000000011111111100000000011111111100000000011111111100000000111111111000000000
----- 111_o.pbm -----
P1
106 17
0000000000011111111110000000000011111111110000000000011111111111000000000011111111111000000000011111111111
0000000000011111111110000000000011111111110000000000011111111111000000000011111111111000000000011111111111
0000000000011111111110000000000011111111110000000000011111111111000000000011111111111000000000011111111111
0000000000011111111110000000000011111111110000000000011111111111000000000011111111111000000000011111111111
0000000000011111111110000000000011111111110000000000011111111111000000000011111111111000000000011111111111
0000000000011111111110000000000011111111110000000000011111111111000000000011111111111000000000011111111111
0000000000011111111110000000000011111111110000000000011111111111000000000011111111111000000000011111111111
0000000000011111111110000000000011111111110000000000011111111111000000000011111111111000000000011111111111
0000000000000000000000000000000000000000000000000000000000000000000000000000000000000000000000000000000000
1111111110000000001111111110000000011111111100000000011111111100000000011111111100000000111111111000000000
1111111110000000001111111110000000011111111100000000011111111100000000011111111100000000111111111000000001
1111111110000000001111111110000000011111111100000000011111111100000000011111111100000000111111111000000001
1111111110000000001111111110000000011111111100000000011111111100000000011111111100000000111111111000000000
1111111110000000001111111110000000011111111100000000011111111100000000011111111100000000111111111000000001
1111111110000000001111111110000000011111111100000000011111111100000000011111111100000000111111111000000001
1111111110000000001111111110000000011111111100000000011111111100000000011111111100000000111111111000000001
1111111110000000001111111110000000011111111100000000011111111100000000011111111100000000111111111000000001
----- 112_p.pbm -----
P1
106 17
0000000000011111111110000000000011111111110000000000011111111111000000000011111111111000000000011111111111
0000000000011111111110000000000011111111110000000000011111111111000000000011111111111000000000011111111111
0000000000011111111110000000000011111111110000000000011111111111000000000011111111111000000000011111111111
0000000000011111111110000000000011111111110000000000011111111111000000000011111111111000000000011111111111
0000000000011111111110000000000011111111110000000000011111111111000000000011111111111000000000011111111111
0000000000011111111110000000000011111111110000000000011111111111000000000011111111111000000000011111111111
0000000000011111111110000000000011111111110000000000011111111111000000000011111111111000000000011111111111
0000000000011111111110000000000011111111110000000000011111111111000000000011111111111000000000011111111111
0000000000000000000000000000000000000000000000000000000000000000000000000000000000000000000000000000000000
1111111110000000001111111110000000011111111100000000011111111100000000011111111100000000111111111000000000
1111111110000000001111111110000000011111111100000000011111111100000000011111111100000000111111111000000001
1111111110000000001111111110000000011111111100000000011111111100000000011111111100000000111111111000000001
1111111110000000001111111110000000011111111100000000011111111100000000011111111100000000111111111000000001
1111111110000000001111111110000000011111111100000000011111111100000000011111111100000000111111111000000000
1111111110000000001111111110000000011111111100000000011111111100000000011111111100000000111111111000000000
1111111110000000001111111110000000011111111100000000011111111100000000011111111100000000111111111000000000
1111111110000000001111111110000000011111111100000000011111111100000000011111111100000000111111111000000000
----- 113_q.pbm -----
P1
106 17
0000000000011111111110000000000011111111110000000000011111111111000000000011111111111000000000011111111111
0000000000011111111110000000000011111111110000000000011111111111000000000011111111111000000000011111111111
0000000000011111111110000000000011111111110000000000011111111111000000000011111111111000000000011111111111
0000000000011111111110000000000011111111110000000000011111111111000000000011111111111000000000011111111111
0000000000011111111110000000000011111111110000000000011111111111000000000011111111111000000000011111111111
0000000000011111111110000000000011111111110000000000011111111111000000000011111111111000000000011111111111
0000000000011111111110000000000011111111110000000000011111111111000000000011111111111000000000011111111111
0000000000011111111110000000000011111111110000000000011111111111000000000011111111111000000000011111111111
0000000000000000000000000000000000000000000000000000000000000000000000000000000000000000000000000000000000
1111111110000000001111111110000000011111111100000000011111111100000000011111111100000000111111111000000000
1111111110000000001111111110000000011111111100000000011111111100000000011111111100000000111111111000000001
1111111110000000001111111110000000011111111100000000011111111100000000011111111100000000111111111000000001
1111111110000000001111111110000000011111111100000000011111111100000000011111111100000000111111111000000001
1111111110000000001111111110000000011111111100000000011111111100000000011111111100000000111111111000000000
1111111110000000001111111110000000011111111100000000011111111100000000011111111100000000111111111000000000
1111111110000000001111111110000000011111111100000000011111111100000000011111111100000000111111111000000000
1111111110000000001111111110000000011111111100000000011111111100000000011111111100000000111111111000000001
----- 114_r.pbm -----
P1
106 17
0000000000011111111110000000000011111111110000000000011111111111000000000011111111111000000000011111111111
0000000000011111111110000000000011111111110000000000011111111111000000000011111111111000000000011111111111
0000000000011111111110000000000011111111110000000000011111111111000000000011111111111000000000011111111111
0000000000011111111110000000000011111111110000000000011111111111000000000011111111111000000000011111111111
0000000000011111111110000000000011111111110000000000011111111111000000000011111111111000000000011111111111
0000000000011111111110000000000011111111110000000000011111111111000000000011111111111000000000011111111111
0000000000011111111110000000000011111111110000000000011111111111000000000011111111111000000000011111111111
0000000000011111111110000000000011111111110000000000011111111111000000000011111111111000000000011111111111
0000000000000000000000000000000000000000000000000000000000000000000000000000000000000000000000000000000000
1111111110000000001111111110000000011111111100000000011111111100000000011111111100000000111111111000000000
1111111110000000001111111110000000011111111100000000011111111100000000011111111100000000111111111000000001
1111111110000000001111111110000000011111111100000000011111111100000000011111111100000000111111111000000001
1111111110000000001111111110000000011111111100000000011111111100000000011111111100000000111111111000000001
1111111110000000001111111110000000011111111100000000011111111100000000011111111100000000111111111000000000
1111111110000000001111111110000000011111111100000000011111111100000000011111111100000000111111111000000000
1111111110000000001111111110000000011111111100000000011111111100000000011111111100000000111111111000000001
1111111110000000001111111110000000011111111100000000011111111100000000011111111100000000111111111000000000
----- 115_s.pbm -----
P1
106 17
0000000000011111111110000000000011111111110000000000011111111111000000000011111111111000000000011111111111
0000000000011111111110000000000011111111110000000000011111111111000000000011111111111000000000011111111111
0000000000011111111110000000000011111111110000000000011111111111000000000011111111111000000000011111111111
0000000000011111111110000000000011111111110000000000011111111111000000000011111111111000000000011111111111
0000000000011111111110000000000011111111110000000000011111111111000000000011111111111000000000011111111111
0000000000011111111110000000000011111111110000000000011111111111000000000011111111111000000000011111111111
0000000000011111111110000000000011111111110000000000011111111111000000000011111111111000000000011111111111
0000000000011111111110000000000011111111110000000000011111111111000000000011111111111000000000011111111111
0000000000000000000000000000000000000000000000000000000000000000000000000000000000000000000000000000000000
1111111110000000001111111110000000011111111100000000011111111100000000011111111100000000111111111000000000
1111111110000000001111111110000000011111111100000000011111111100000000011111111100000000111111111000000001
1111111110000000001111111110000000011111111100000000011111111100000000011111111100000000111111111000000001
1111111110000000001111111110000000011111111100000000011111111100000000011111111100000000111111111000000001
1111111110000000001111111110000000011111111100000000011111111100000000011111111100000000111111111000000000
1111111110000000001111111110000000011111111100000000011111111100000000011111111100000000111111111000000000
1111111110000000001111111110000000011111111100000000011111111100000000011111111100000000111111111000000001
1111111110000000001111111110000000011111111100000000011111111100000000011111111100000000111111111000000001
----- 116_t.pbm -----
P1
106 17
0000000000011111111110000000000011111111110000000000011111111111000000000011111111111000000000011111111111
0000000000011111111110000000000011111111110000000000011111111111000000000011111111111000000000011111111111
0000000000011111111110000000000011111111110000000000011111111111000000000011111111111000000000011111111111
0000000000011111111110000000000011111111110000000000011111111111000000000011111111111000000000011111111111
0000000000011111111110000000000011111111110000000000011111111111000000000011111111111000000000011111111111
0000000000011111111110000000000011111111110000000000011111111111000000000011111111111000000000011111111111
0000000000011111111110000000000011111111110000000000011111111111000000000011111111111000000000011111111111
0000000000011111111110000000000011111111110000000000011111111111000000000011111111111000000000011111111111
0000000000000000000000000000000000000000000000000000000000000000000000000000000000000000000000000000000000
1111111110000000001111111110000000011111111100000000011111111100000000011111111100000000111111111000000000
1111111110000000001111111110000000011111111100000000011111111100000000011111111100000000111111111000000001
1111111110000000001111111110000000011111111100000000011111111100000000011111111100000000111111111000000001
1111111110000000001111111110000000011111111100000000011111111100000000011111111100000000111111111000000001
1111111110000000001111111110000000011111111100000000011111111100000000011111111100000000111111111000000000
1111111110000000001111111110000000011111111100000000011111111100000000011111111100000000111111111000000001
1111111110000000001111111110000000011111111100000000011111111100000000011111111100000000111111111000000000
1111111110000000001111111110000000011111111100000000011111111100000000011111111100000000111111111000000000
----- 117_u.pbm -----
P1
106 17
0000000000011111111110000000000011111111110000000000011111111111000000000011111111111000000000011111111111
0000000000011111111110000000000011111111110000000000011111111111000000000011111111111000000000011111111111
0000000000011111111110000000000011111111110000000000011111111111000000000011111111111000000000011111111111
0000000000011111111110000000000011111111110000000000011111111111000000000011111111111000000000011111111111
0000000000011111111110000000000011111111110000000000011111111111000000000011111111111000000000011111111111
0000000000011111111110000000000011111111110000000000011111111111000000000011111111111000000000011111111111
0000000000011111111110000000000011111111110000000000011111111111000000000011111111111000000000011111111111
0000000000011111111110000000000011111111110000000000011111111111000000000011111111111000000000011111111111
0000000000000000000000000000000000000000000000000000000000000000000000000000000000000000000000000000000000
1111111110000000001111111110000000011111111100000000011111111100000000011111111100000000111111111000000000
1111111110000000001111111110000000011111111100000000011111111100000000011111111100000000111111111000000001
1111111110000000001111111110000000011111111100000000011111111100000000011111111100000000111111111000000001
1111111110000000001111111110000000011111111100000000011111111100000000011111111100000000111111111000000001
1111111110000000001111111110000000011111111100000000011111111100000000011111111100000000111111111000000000
1111111110000000001111111110000000011111111100000000011111111100000000011111111100000000111111111000000001
1111111110000000001111111110000000011111111100000000011111111100000000011111111100000000111111111000000000
1111111110000000001111111110000000011111111100000000011111111100000000011111111100000000111111111000000001
----- 118_v.pbm -----
P1
106 17
0000000000011111111110000000000011111111110000000000011111111111000000000011111111111000000000011111111111
0000000000011111111110000000000011111111110000000000011111111111000000000011111111111000000000011111111111
0000000000011111111110000000000011111111110000000000011111111111000000000011111111111000000000011111111111
0000000000011111111110000000000011111111110000000000011111111111000000000011111111111000000000011111111111
0000000000011111111110000000000011111111110000000000011111111111000000000011111111111000000000011111111111
0000000000011111111110000000000011111111110000000000011111111111000000000011111111111000000000011111111111
0000000000011111111110000000000011111111110000000000011111111111000000000011111111111000000000011111111111
0000000000011111111110000000000011111111110000000000011111111111000000000011111111111000000000011111111111
0000000000000000000000000000000000000000000000000000000000000000000000000000000000000000000000000000000000
1111111110000000001111111110000000011111111100000000011111111100000000011111111100000000111111111000000000
1111111110000000001111111110000000011111111100000000011111111100000000011111111100000000111111111000000001
1111111110000000001111111110000000011111111100000000011111111100000000011111111100000000111111111000000001
1111111110000000001111111110000000011111111100000000011111111100000000011111111100000000111111111000000001
1111111110000000001111111110000000011111111100000000011111111100000000011111111100000000111111111000000000
1111111110000000001111111110000000011111111100000000011111111100000000011111111100000000111111111000000001
1111111110000000001111111110000000011111111100000000011111111100000000011111111100000000111111111000000001
1111111110000000001111111110000000011111111100000000011111111100000000011111111100000000111111111000000000
----- 119_w.pbm -----
P1
106 17
0000000000011111111110000000000011111111110000000000011111111111000000000011111111111000000000011111111111
0000000000011111111110000000000011111111110000000000011111111111000000000011111111111000000000011111111111
0000000000011111111110000000000011111111110000000000011111111111000000000011111111111000000000011111111111
0000000000011111111110000000000011111111110000000000011111111111000000000011111111111000000000011111111111
0000000000011111111110000000000011111111110000000000011111111111000000000011111111111000000000011111111111
0000000000011111111110000000000011111111110000000000011111111111000000000011111111111000000000011111111111
0000000000011111111110000000000011111111110000000000011111111111000000000011111111111000000000011111111111
0000000000011111111110000000000011111111110000000000011111111111000000000011111111111000000000011111111111
0000000000000000000000000000000000000000000000000000000000000000000000000000000000000000000000000000000000
1111111110000000001111111110000000011111111100000000011111111100000000011111111100000000111111111000000000
1111111110000000001111111110000000011111111100000000011111111100000000011111111100000000111111111000000001
1111111110000000001111111110000000011111111100000000011111111100000000011111111100000000111111111000000001
1111111110000000001111111110000000011111111100000000011111111100000000011111111100000000111111111000000001
1111111110000000001111111110000000011111111100000000011111111100000000011111111100000000111111111000000000
1111111110000000001111111110000000011111111100000000011111111100000000011111111100000000111111111000000001
1111111110000000001111111110000000011111111100000000011111111100000000011111111100000000111111111000000001
1111111110000000001111111110000000011111111100000000011111111100000000011111111100000000111111111000000001
----- 120_x.pbm -----
P1
106 17
0000000000011111111110000000000011111111110000000000011111111111000000000011111111111000000000011111111111
0000000000011111111110000000000011111111110000000000011111111111000000000011111111111000000000011111111111
0000000000011111111110000000000011111111110000000000011111111111000000000011111111111000000000011111111111
0000000000011111111110000000000011111111110000000000011111111111000000000011111111111000000000011111111111
0000000000011111111110000000000011111111110000000000011111111111000000000011111111111000000000011111111111
0000000000011111111110000000000011111111110000000000011111111111000000000011111111111000000000011111111111
0000000000011111111110000000000011111111110000000000011111111111000000000011111111111000000000011111111111
0000000000011111111110000000000011111111110000000000011111111111000000000011111111111000000000011111111111
0000000000000000000000000000000000000000000000000000000000000000000000000000000000000000000000000000000000
1111111110000000001111111110000000011111111100000000011111111100000000011111111100000000111111111000000000
1111111110000000001111111110000000011111111100000000011111111100000000011111111100000000111111111000000001
1111111110000000001111111110000000011111111100000000011111111100000000011111111100000000111111111000000001
1111111110000000001111111110000000011111111100000000011111111100000000011111111100000000111111111000000001
1111111110000000001111111110000000011111111100000000011111111100000000011111111100000000111111111000000001
1111111110000000001111111110000000011111111100000000011111111100000000011111111100000000111111111000000000
1111111110000000001111111110000000011111111100000000011111111100000000011111111100000000111111111000000000
1111111110000000001111111110000000011111111100000000011111111100000000011111111100000000111111111000000000
----- 121_y.pbm -----
P1
106 17
0000000000011111111110000000000011111111110000000000011111111111000000000011111111111000000000011111111111
0000000000011111111110000000000011111111110000000000011111111111000000000011111111111000000000011111111111
0000000000011111111110000000000011111111110000000000011111111111000000000011111111111000000000011111111111
0000000000011111111110000000000011111111110000000000011111111111000000000011111111111000000000011111111111
0000000000011111111110000000000011111111110000000000011111111111000000000011111111111000000000011111111111
0000000000011111111110000000000011111111110000000000011111111111000000000011111111111000000000011111111111
0000000000011111111110000000000011111111110000000000011111111111000000000011111111111000000000011111111111
0000000000011111111110000000000011111111110000000000011111111111000000000011111111111000000000011111111111
0000000000000000000000000000000000000000000000000000000000000000000000000000000000000000000000000000000000
1111111110000000001111111110000000011111111100000000011111111100000000011111111100000000111111111000000000
1111111110000000001111111110000000011111111100000000011111111100000000011111111100000000111111111000000001
1111111110000000001111111110000000011111111100000000011111111100000000011111111100000000111111111000000001
1111111110000000001111111110000000011111111100000000011111111100000000011111111100000000111111111000000001
1111111110000000001111111110000000011111111100000000011111111100000000011111111100000000111111111000000001
1111111110000000001111111110000000011111111100000000011111111100000000011111111100000000111111111000000000
1111111110000000001111111110000000011111111100000000011111111100000000011111111100000000111111111000000000
1111111110000000001111111110000000011111111100000000011111111100000000011111111100000000111111111000000001
----- 122_z.pbm -----
P1
106 17
0000000000011111111110000000000011111111110000000000011111111111000000000011111111111000000000011111111111
0000000000011111111110000000000011111111110000000000011111111111000000000011111111111000000000011111111111
0000000000011111111110000000000011111111110000000000011111111111000000000011111111111000000000011111111111
0000000000011111111110000000000011111111110000000000011111111111000000000011111111111000000000011111111111
0000000000011111111110000000000011111111110000000000011111111111000000000011111111111000000000011111111111
0000000000011111111110000000000011111111110000000000011111111111000000000011111111111000000000011111111111
0000000000011111111110000000000011111111110000000000011111111111000000000011111111111000000000011111111111
0000000000011111111110000000000011111111110000000000011111111111000000000011111111111000000000011111111111
0000000000000000000000000000000000000000000000000000000000000000000000000000000000000000000000000000000000
1111111110000000001111111110000000011111111100000000011111111100000000011111111100000000111111111000000000
1111111110000000001111111110000000011111111100000000011111111100000000011111111100000000111111111000000001
1111111110000000001111111110000000011111111100000000011111111100000000011111111100000000111111111000000001
1111111110000000001111111110000000011111111100000000011111111100000000011111111100000000111111111000000001
1111111110000000001111111110000000011111111100000000011111111100000000011111111100000000111111111000000001
1111111110000000001111111110000000011111111100000000011111111100000000011111111100000000111111111000000000
1111111110000000001111111110000000011111111100000000011111111100000000011111111100000000111111111000000001
1111111110000000001111111110000000011111111100000000011111111100000000011111111100000000111111111000000000
----- 123.pbm -----
P1
106 17
0000000000011111111110000000000011111111110000000000011111111111000000000011111111111000000000011111111111
0000000000011111111110000000000011111111110000000000011111111111000000000011111111111000000000011111111111
0000000000011111111110000000000011111111110000000000011111111111000000000011111111111000000000011111111111
0000000000011111111110000000000011111111110000000000011111111111000000000011111111111000000000011111111111
0000000000011111111110000000000011111111110000000000011111111111000000000011111111111000000000011111111111
0000000000011111111110000000000011111111110000000000011111111111000000000011111111111000000000011111111111
0000000000011111111110000000000011111111110000000000011111111111000000000011111111111000000000011111111111
0000000000011111111110000000000011111111110000000000011111111111000000000011111111111000000000011111111111
0000000000000000000000000000000000000000000000000000000000000000000000000000000000000000000000000000000000
1111111110000000001111111110000000011111111100000000011111111100000000011111111100000000111111111000000000
1111111110000000001111111110000000011111111100000000011111111100000000011111111100000000111111111000000001
1111111110000000001111111110000000011111111100000000011111111100000000011111111100000000111111111000000001
1111111110000000001111111110000000011111111100000000011111111100000000011111111100000000111111111000000001
1111111110000000001111111110000000011111111100000000011111111100000000011111111100000000111111111000000001
1111111110000000001111111110000000011111111100000000011111111100000000011111111100000000111111111000000000
1111111110000000001111111110000000011111111100000000011111111100000000011111111100000000111111111000000001
1111111110000000001111111110000000011111111100000000011111111100000000011111111100000000111111111000000001
----- 124.pbm -----
P1
106 17
0000000000011111111110000000000011111111110000000000011111111111000000000011111111111000000000011111111111
0000000000011111111110000000000011111111110000000000011111111111000000000011111111111000000000011111111111
0000000000011111111110000000000011111111110000000000011111111111000000000011111111111000000000011111111111
0000000000011111111110000000000011111111110000000000011111111111000000000011111111111000000000011111111111
0000000000011111111110000000000011111111110000000000011111111111000000000011111111111000000000011111111111
0000000000011111111110000000000011111111110000000000011111111111000000000011111111111000000000011111111111
0000000000011111111110000000000011111111110000000000011111111111000000000011111111111000000000011111111111
0000000000011111111110000000000011111111110000000000011111111111000000000011111111111000000000011111111111
0000000000000000000000000000000000000000000000000000000000000000000000000000000000000000000000000000000000
1111111110000000001111111110000000011111111100000000011111111100000000011111111100000000111111111000000000
1111111110000000001111111110000000011111111100000000011111111100000000011111111100000000111111111000000001
1111111110000000001111111110000000011111111100000000011111111100000000011111111100000000111111111000000001
1111111110000000001111111110000000011111111100000000011111111100000000011111111100000000111111111000000001
1111111110000000001111111110000000011111111100000000011111111100000000011111111100000000111111111000000001
1111111110000000001111111110000000011111111100000000011111111100000000011111111100000000111111111000000001
1111111110000000001111111110000000011111111100000000011111111100000000011111111100000000111111111000000000
1111111110000000001111111110000000011111111100000000011111111100000000011111111100000000111111111000000000
----- 125.pbm -----
P1
106 17
0000000000011111111110000000000011111111110000000000011111111111000000000011111111111000000000011111111111
0000000000011111111110000000000011111111110000000000011111111111000000000011111111111000000000011111111111
0000000000011111111110000000000011111111110000000000011111111111000000000011111111111000000000011111111111
0000000000011111111110000000000011111111110000000000011111111111000000000011111111111000000000011111111111
0000000000011111111110000000000011111111110000000000011111111111000000000011111111111000000000011111111111
0000000000011111111110000000000011111111110000000000011111111111000000000011111111111000000000011111111111
0000000000011111111110000000000011111111110000000000011111111111000000000011111111111000000000011111111111
0000000000011111111110000000000011111111110000000000011111111111000000000011111111111000000000011111111111
0000000000000000000000000000000000000000000000000000000000000000000000000000000000000000000000000000000000
1111111110000000001111111110000000011111111100000000011111111100000000011111111100000000111111111000000000
1111111110000000001111111110000000011111111100000000011111111100000000011111111100000000111111111000000001
1111111110000000001111111110000000011111111100000000011111111100000000011111111100000000111111111000000001
1111111110000000001111111110000000011111111100000000011111111100000000011111111100000000111111111000000001
1111111110000000001111111110000000011111111100000000011111111100000000011111111100000000111111111000000001
1111111110000000001111111110000000011111111100000000011111111100000000011111111100000000111111111000000001
1111111110000000001111111110000000011111111100000000011111111100000000011111111100000000111111111000000000
1111111110000000001111111110000000011111111100000000011111111100000000011111111100000000111111111000000001
----- 126.pbm -----
P1
106 17
0000000000011111111110000000000011111111110000000000011111111111000000000011111111111000000000011111111111
0000000000011111111110000000000011111111110000000000011111111111000000000011111111111000000000011111111111
0000000000011111111110000000000011111111110000000000011111111111000000000011111111111000000000011111111111
0000000000011111111110000000000011111111110000000000011111111111000000000011111111111000000000011111111111
0000000000011111111110000000000011111111110000000000011111111111000000000011111111111000000000011111111111
0000000000011111111110000000000011111111110000000000011111111111000000000011111111111000000000011111111111
0000000000011111111110000000000011111111110000000000011111111111000000000011111111111000000000011111111111
0000000000011111111110000000000011111111110000000000011111111111000000000011111111111000000000011111111111
0000000000000000000000000000000000000000000000000000000000000000000000000000000000000000000000000000000000
1111111110000000001111111110000000011111111100000000011111111100000000011111111100000000111111111000000000
1111111110000000001111111110000000011111111100000000011111111100000000011111111100000000111111111000000001
1111111110000000001111111110000000011111111100000000011111111100000000011111111100000000111111111000000001
1111111110000000001111111110000000011111111100000000011111111100000000011111111100000000111111111000000001
1111111110000000001111111110000000011111111100000000011111111100000000011111111100000000111111111000000001
1111111110000000001111111110000000011111111100000000011111111100000000011111111100000000111111111000000001
1111111110000000001111111110000000011111111100000000011111111100000000011111111100000000111111111000000001
1111111110000000001111111110000000011111111100000000011111111100000000011111111100000000111111111000000000
----- 127.pbm -----
P1
106 17
0000000000011111111110000000000011111111110000000000011111111111000000000011111111111000000000011111111111
0000000000011111111110000000000011111111110000000000011111111111000000000011111111111000000000011111111111
0000000000011111111110000000000011111111110000000000011111111111000000000011111111111000000000011111111111
0000000000011111111110000000000011111111110000000000011111111111000000000011111111111000000000011111111111
0000000000011111111110000000000011111111110000000000011111111111000000000011111111111000000000011111111111
0000000000011111111110000000000011111111110000000000011111111111000000000011111111111000000000011111111111
0000000000011111111110000000000011111111110000000000011111111111000000000011111111111000000000011111111111
0000000000011111111110000000000011111111110000000000011111111111000000000011111111111000000000011111111111
0000000000000000000000000000000000000000000000000000000000000000000000000000000000000000000000000000000000
1111111110000000001111111110000000011111111100000000011111111100000000011111111100000000111111111000000000
1111111110000000001111111110000000011111111100000000011111111100000000011111111100000000111111111000000001
1111111110000000001111111110000000011111111100000000011111111100000000011111111100000000111111111000000001
1111111110000000001111111110000000011111111100000000011111111100000000011111111100000000111111111000000001
1111111110000000001111111110000000011111111100000000011111111100000000011111111100000000111111111000000001
1111111110000000001111111110000000011111111100000000011111111100000000011111111100000000111111111000000001
1111111110000000001111111110000000011111111100000000011111111100000000011111111100000000111111111000000001
1111111110000000001111111110000000011111111100000000011111111100000000011111111100000000111111111000000001
----- varnier_exact.pbm -----
P1
106 17
0000000000011111111110000000000011111111110000000000011111111111000000000011111111111000000000011111111111
0000000000011111111110000000000011111111110000000000011111111111000000000011111111111000000000011111111111
0000000000011111111110000000000011111111110000000000011111111111000000000011111111111000000000011111111111
0000000000011111111110000000000011111111110000000000011111111111000000000011111111111000000000011111111111
0000000000011111111110000000000011111111110000000000011111111111000000000011111111111000000000011111111111
0000000000011111111110000000000011111111110000000000011111111111000000000011111111111000000000011111111111
0000000000011111111110000000000011111111110000000000011111111111000000000011111111111000000000011111111111
0000000000011111111110000000000011111111110000000000011111111111000000000011111111111000000000011111111111
0000000000000000000000000000000000000000000000000000000000000000000000000000000000000000000000000000000000
1111111110000000001111111110000000011111111100000000011111111100000000011111111100000000111111111000000000
1111111110000000001111111110000000011111111100000000011111111100000000011111111100000000111111111000000000
1111111110000000001111111110000000011111111100000000011111111100000000011111111100000000111111111000000000
1111111110000000001111111110000000011111111100000000011111111100000000011111111100000000111111111000000000
1111111110000000001111111110000000011111111100000000011111111100000000011111111100000000111111111000000000
1111111110000000001111111110000000011111111100000000011111111100000000011111111100000000111111111000000000
1111111110000000001111111110000000011111111100000000011111111100000000011111111100000000111111111000000000
1111111110000000001111111110000000011111111100000000011111111100000000011111111100000000111111111000000000

  
